msd,TT-601,TT-604,FT-602,JI-607,LT-603,FT-606,AT-605,n
122875,85.009,10.062,30.064,2.6129,50.075,21.449,321.2,75
122876,84.98,8.1003,29.961,2.6782,50.02,21.264,284.19,148
122877,85.011,6.9358,30.025,2.7205,49.945,20.673,350.2,148
122878,84.992,7.8826,29.99,2.6846,49.988,19.218,284.26,148
122879,84.999,8.5105,30.001,2.6661,50.033,19.652,335.41,148
122880,84.977,8.6381,30.031,2.6589,50.002,20.123,387.57,148
122881,85.011,6.796,29.972,2.723,50.016,20.764,378.11,148
122882,85.01,8.8672,30.007,2.649,49.945,18.832,380.14,148
122883,85.022,9.5692,30.004,2.6271,49.997,19.153,345.2,148
122884,84.987,8.7269,29.996,2.6537,49.989,19.148,271.55,148
122885,85.011,7.9363,29.984,2.6813,50.008,19.026,282.77,148
122886,85.12,7.505,28.995,2.6124,50.014,19.708,341.96,148
122887,85.027,9.0604,19.989,1.7672,49.782,14.627,344.97,147
122888,84.985,8.6035,19.969,1.7706,49.961,13.085,391.35,148
122889,84.987,7.9514,20.047,1.7937,50.022,13.121,403.24,148
122890,85.037,5.9164,20.03,1.8352,50.028,14.121,410.27,148
122891,85.037,7.5243,20,1.7986,49.989,14.762,410.81,148
122892,84.966,7.3377,26.037,2.3415,50.151,17.165,409.19,148
122893,85.013,7.8099,30.024,2.6862,50.097,21.763,376.22,148
122894,84.954,7.414,30.007,2.7026,49.995,21.18,408.11,148
122895,84.967,8.6522,30.002,2.6594,49.976,20.669,440.54,148
122896,84.955,8.384,30.033,2.6762,50.014,20.936,443.24,148
122897,85.005,7.4489,29.98,2.7004,49.976,20.44,434.59,148
122898,84.915,7.9781,30.014,2.6849,49.982,19.78,474.05,148
122899,84.976,8.277,29.987,2.6709,49.975,19.323,483.24,148
122900,84.959,8.045,29.987,2.676,50.061,20.726,450.27,148
122901,85.011,7.1773,29.976,2.708,50.032,21.392,432.43,148
122902,85.011,6.8621,30.02,2.7237,50.013,21.869,401.62,148
122903,84.976,9.2887,29.96,2.6385,50.001,22.513,348.11,148
122904,84.97,8.4915,30.038,2.6652,49.934,21.113,297.84,148
122905,84.959,6.3853,29.973,2.7363,49.975,21.505,329.73,148
122906,84.999,7.3522,29.956,2.7078,49.948,20.193,343.78,148
122907,85.021,8.2503,29.96,2.6716,49.916,18.662,372.7,148
122908,85.018,6.5308,29.995,2.7346,49.991,18.563,336.49,148
122909,84.983,7.5696,30.029,2.6942,49.989,17.769,317.3,148
122910,85.009,9.045,29.961,2.6449,50.001,18.002,348.11,148
122911,84.934,7.1814,30.026,2.7103,50.038,19.338,354.29,147
122912,85.001,6.9459,29.98,2.7186,50.033,20.738,369.12,148
122913,84.981,9.1324,29.99,2.6418,49.986,20.496,367.03,148
