msd,FT-101,FT-102,TT-103,TT-104,AT-103,TIC-103.out,FT-105,FT-106,JI-110,PT-100,n
122875,690.44,125.48,330.02,179.5,0.95407,43.712,239.39,958.35,7839.1,825.86,75
122876,689.7,125.27,330.01,183.77,0.95328,43.351,239.23,956.9,7835.3,846.29,148
122877,690.05,125.33,330,178.29,0.95247,43.914,238.91,954.68,7831.5,861.56,148
122878,690.78,125.36,330.02,179.19,0.95074,43.906,238.46,953.53,7833,868.52,148
122879,690.61,125.53,329.98,180.63,0.94865,43.849,238.03,951.99,7827.9,844.29,148
122880,690.07,125.09,330.01,177.78,0.9475,44.182,237.5,949.98,7808.7,840.24,148
122881,688.84,125.47,330,180.74,0.94568,43.969,237.16,948.48,7817.1,886.34,148
122882,690.65,125.38,330.02,178.6,0.94493,44.239,236.78,947.01,7812.2,852.85,148
122883,690.07,125.59,329.99,178.92,0.94395,44.288,236.42,945.08,7825,858.58,148
122884,689.9,125.25,329.94,181.57,0.94233,44.124,235.89,943.13,7809.6,879.66,148
122885,689.33,125.25,329.96,185,0.9403,43.878,235.31,942.35,7796.4,854.49,148
122886,689.51,125.51,329.97,179.9,0.93929,44.404,235.1,940.57,7817.2,851.47,148
122887,689.61,125.36,330.03,177.42,0.93673,44.697,234.73,938.4,7799.5,863.06,147
122888,690.33,125.47,330,180.41,0.93537,44.494,234.27,937.65,7809.7,892.68,148
122889,690.31,125.58,329.98,183.93,0.93382,44.235,234.02,935.47,7798.4,885.06,148
122890,689.89,125.55,329.97,181.62,0.9325,44.522,233.43,933.78,7801.7,873.56,148
122891,690.45,125.46,330.01,180.68,0.93145,44.697,233.1,932.31,7790.9,914.81,148
122892,690.16,125.41,330.02,181.14,0.9299,44.686,232.61,930.92,7798.1,896.52,148
122893,690.32,125.49,330.01,176.73,0.92804,45.183,232.05,928.53,7794.1,910.66,148
122894,690.95,125.33,329.98,184.41,0.92632,44.555,231.9,927.42,7787.7,881.87,148
122895,690.01,125.51,330.03,174.59,0.91686,45.523,229.58,917.75,7654.1,880.92,148
122896,689.71,125.43,329.99,182.23,0.90939,44.889,227.21,908.91,7507.8,853.55,148
122897,690.25,125.33,330.01,180.71,0.90757,45.084,226.97,907.47,7514,833.14,148
122898,633.13,115.21,329.97,181.05,0.90331,45.169,207.46,830.22,6894.5,869.14,148
122899,449.37,82.187,330,178.86,0.89541,45.421,145.45,582.98,4921.2,805.3,148
122900,450.33,81.532,330.02,177.66,0.89456,45.603,145.36,582.02,4900.8,824.21,148
122901,450.31,81.922,330,180.7,0.89331,45.387,145.13,580.75,4913.9,828.69,148
122902,450.24,82.029,330.03,183.99,0.89128,45.14,145,580.3,4913.7,872.83,148
122903,632.08,115.05,330.05,182.84,0.90105,45.324,206.61,826.88,6967.8,859.2,148
122904,690.22,125.21,329.98,182.29,0.9127,45.462,228.88,915.67,7796.7,842.76,148
122905,689.93,125.43,330,180.1,0.91047,45.751,228.43,914.04,7812.2,849.42,148
122906,689.53,125.42,330.01,178.9,0.90943,45.919,227.96,913.03,7806.1,799.93,148
122907,688.85,125.71,330.03,181,0.90713,45.792,227.73,910.36,7817.7,835.38,148
122908,689.09,125.35,330.01,180.05,0.90568,45.953,227.37,908.92,7789.7,822.04,148
122909,690.09,125.54,330,180.01,0.90486,46.061,227,907.41,7815.2,793.95,148
122910,689.41,125.43,329.98,178.01,0.90294,46.32,226.67,905.56,7806.7,799.73,148
122911,689.77,125.4,329.98,182.12,0.9019,46.005,226.15,903.68,7788,810.67,147
122912,689.97,125.4,330.06,180.38,0.90074,46.225,225.73,902.74,7788.9,808.8,148
122913,690.51,125.14,329.99,181.85,0.89902,46.164,225.05,900.59,7785.1,850.24,148
