time,FT-101,FT-102,TT-103,TT-104,AT-103,TIC-103.out,FT-105,FT-106,JI-110,PT-100
2219-10-03T00:00:00Z,692,126,329.64,178.52,0.91,46.075,225.15,912.12,7767.7,787.05
2219-10-03T00:10:00Z,682,127,329.82,180.2,0.915,46.025,227.99,912.35,7720.7,789.75
2219-10-03T00:20:00Z,687.5,126,330.12,179.92,0.915,45.851,227.32,914.24,7736.2,782.25
2219-10-03T00:30:00Z,693,126.25,329.58,178.08,0.915,46.08,230.23,915.97,7824.1,783.6
2219-10-03T00:40:00Z,693,126.62,329.58,178.36,0.905,46.16,227.92,911.11,7831.4,774.45
2219-10-03T00:50:00Z,686,125.88,330.18,179.52,0.905,45.906,226.59,913.65,7855.9,766.65
2219-10-03T01:00:00Z,684,125.62,330.66,182.04,0.91,45.605,229.29,914.27,7745.6,761.1
2219-10-03T01:10:00Z,691.5,124.62,330.36,186.96,0.91,45.585,227.85,909.93,7783.4,757.65
2219-10-03T01:20:00Z,678.5,125.75,330.78,184.16,0.91,45.214,227.92,908.49,7692.4,760.05
2219-10-03T01:30:00Z,680,125.75,330.3,183.24,0.915,45.368,227.5,909.09,7711.7,751.35
2219-10-03T01:40:00Z,694,121.75,329.7,178.6,0.9,45.7,226.99,915.8,7671.8,753.3
2219-10-03T01:50:00Z,691.5,126.5,329.46,176.4,0.9,45.984,228.53,914.42,7770.5,751.8
2219-10-03T02:00:00Z,692.5,123.38,330.36,179.6,0.915,45.762,227.42,898.98,7679.6,762.6
2219-10-03T02:10:00Z,683,124.25,330.24,177.96,0.915,45.852,227.4,904.02,7782,762.9
2219-10-03T02:20:00Z,700.5,123.25,329.94,176.12,0.915,46.037,228.71,914.52,7712.9,763.2
2219-10-03T02:30:00Z,694,122.75,329.46,174.48,0.905,46.303,226.94,910.99,7734,764.25
2219-10-03T02:40:00Z,696.5,126.25,329.28,176.92,0.905,46.479,228.65,916.51,7767.7,758.7
2219-10-03T02:50:00Z,698.5,124,330.24,175.36,0.905,46.106,229.65,916.95,7811.6,760.35
2219-10-03T03:00:00Z,679.5,124.5,330.06,178.92,0.91,46.179,226.96,911.47,7806.3,760.35
2219-10-03T03:10:00Z,695.5,128.25,329.4,179.08,0.91,46.375,228.58,913.68,7835.4,763.05
2219-10-03T03:20:00Z,693,125.62,330.42,176.84,0.91,45.892,228.05,911.06,7858.8,757.8
2219-10-03T03:30:00Z,690.5,123.12,329.88,181.92,0.91,46.111,227.62,912.15,7792.8,757.05
2219-10-03T03:40:00Z,694.5,127.5,331.26,182.88,0.9,45.353,227.33,907.36,7867.8,767.55
2219-10-03T03:50:00Z,692.5,124.12,330.48,184.28,0.9,45.521,229.43,913.5,7719.8,767.1
2219-10-03T04:00:00Z,692,124.88,330,180.24,0.905,45.658,230.52,904.25,7924.4,771.75
2219-10-03T04:10:00Z,690.5,125.38,330.12,184.64,0.91,45.625,226.6,917.59,7779,778.65
2219-10-03T04:20:00Z,688,125.75,330.48,183,0.91,45.383,227.95,918.5,7896.2,782.4
2219-10-03T04:30:00Z,685,125.25,329.7,180.6,0.905,45.69,227.42,906.94,7718.9,784.95
2219-10-03T04:40:00Z,689.5,121.25,329.94,181.52,0.915,45.64,225.73,910.53,7790.2,783.45
2219-10-03T04:50:00Z,688.5,126.12,329.46,181.24,0.915,45.89,226.58,908.35,7921.3,788.1
2219-10-03T05:00:00Z,689,126.25,330.3,180.6,0.905,45.591,227.53,919.96,7885.6,787.8
2219-10-03T05:10:00Z,682.5,126.75,329.1,178.04,0.905,46.159,228.85,913.53,7783,794.4
2219-10-03T05:20:00Z,693,126.12,329.7,175.88,0.905,46.085,226.49,907.43,7762.4,801
2219-10-03T05:30:00Z,682.5,124.25,329.76,177.64,0.915,46.153,228.32,914.32,7799.3,795.9
2219-10-03T05:40:00Z,685.5,125.88,330,176.6,0.91,46.089,229.43,911.25,7907.6,795
2219-10-03T05:50:00Z,685,123.12,329.94,177.48,0.91,46.143,229.64,911.09,7757.4,796.5
2219-10-03T06:00:00Z,681.5,125.12,329.88,174.68,0.905,46.207,227.44,908.5,7809.1,799.35
2219-10-03T06:10:00Z,688.5,128.5,329.64,175.68,0.92,46.377,227.77,911.63,7902.3,798
2219-10-03T06:20:00Z,677,127.62,330.6,175.56,0.92,45.988,227.57,908.28,7795.6,800.4
2219-10-03T06:30:00Z,686.5,124.75,329.76,177.76,0.905,46.31,228.6,909.89,7862.7,798
2219-10-03T06:40:00Z,691,126,330.3,177.28,0.91,46.02,227.1,913.57,7896.5,800.55
2219-10-03T06:50:00Z,687,125.62,329.76,173.84,0.91,46.259,227.24,907.73,7774.5,802.35
2219-10-03T07:00:00Z,692,126.5,330.48,174.28,0.91,46.074,228.56,908.74,7802.9,802.05
2219-10-03T07:10:00Z,690,125.25,330,175.28,0.9,46.322,226.42,914.69,7760.7,801.45
2219-10-03T07:20:00Z,689,128.88,329.94,174.96,0.9,46.369,227.34,911,7980.7,800.7
2219-10-03T07:30:00Z,689.5,127.38,330.42,177.2,0.91,46.127,226.78,920.11,7853.6,795.45
2219-10-03T07:40:00Z,681.5,126,329.82,174.76,0.91,46.342,226.52,913.35,7939,796.65
2219-10-03T07:50:00Z,690.5,126.38,329.76,174.4,0.91,46.39,228.28,917.51,7853.6,796.35
2219-10-03T08:00:00Z,695.5,126.25,330.18,174.76,0.915,46.256,226.93,922.45,7913.2,791.7
2219-10-03T08:10:00Z,690,124,330.54,177.64,0.91,46.1,230.6,912.16,7687,798.3
2219-10-03T08:20:00Z,687.5,123.25,330.48,176.96,0.91,46.037,228.32,905.45,7732.2,798.3
2219-10-03T08:30:00Z,698,124,330.24,177.8,0.905,46.09,228.94,910.72,7764.5,796.05
2219-10-03T08:40:00Z,693,126.5,330.24,178,0.905,46.02,227.37,919.85,7760.7,790.05
2219-10-03T08:50:00Z,683.5,123.62,329.82,176.12,0.905,46.156,224.89,906.49,7739.2,795.9
2219-10-03T09:00:00Z,691,124.5,330.42,181.56,0.91,45.889,226.7,914.25,7768.5,800.25
2219-10-03T09:10:00Z,693,126.62,331.08,185.32,0.905,45.455,227.12,905.62,7846.8,796.35
2219-10-03T09:20:00Z,690,123,330.3,184.16,0.905,45.583,227.27,903.17,7755.9,797.4
2219-10-03T09:30:00Z,690,129.12,330.6,187.32,0.91,45.32,227.47,912.97,7900.4,797.4
2219-10-03T09:40:00Z,696.5,123.25,330.96,187.64,0.91,44.996,227.37,920.56,7733.1,800.4
2219-10-03T09:50:00Z,693.5,123.62,329.64,185.2,0.91,45.458,225.15,907.36,7711.6,802.35
2219-10-03T10:00:00Z,694.5,122.88,329.88,187.96,0.915,45.35,228.13,917.54,7837.3,799.35
2219-10-03T10:10:00Z,689.5,124.5,329.88,186.32,0.905,45.286,229.46,914.45,7683.2,792.75
2219-10-03T10:20:00Z,693,125.88,330.3,185.68,0.905,45.125,228.13,904.95,7785.1,789.3
2219-10-03T10:30:00Z,699.5,123.88,329.52,183.72,0.91,45.497,227.4,915.73,7746.3,799.5
2219-10-03T10:40:00Z,685.5,128.5,329.46,180.28,0.91,45.645,228.56,907,8034.7,801.45
2219-10-03T10:50:00Z,684,123.75,329.1,178.72,0.91,45.981,229.04,918.54,7771.2,804.6
2219-10-03T11:00:00Z,691.5,124.5,329.76,177,0.905,45.925,228.45,909.2,7791.3,803.25
2219-10-03T11:10:00Z,694.5,126.5,329.64,175.04,0.9,46.157,226.69,908.96,7911.2,806.25
2219-10-03T11:20:00Z,695.5,123.88,329.7,172.36,0.9,46.297,227.73,905.62,7841.4,808.2
2219-10-03T11:30:00Z,681.5,127.25,329.94,172.68,0.905,46.384,228.26,915.27,7920.7,818.1
2219-10-03T11:40:00Z,682.5,128.12,329.76,170.68,0.915,46.617,226.85,908.61,7943.1,820.95
2219-10-03T11:50:00Z,697.5,125.5,329.64,171.96,0.915,46.767,227.56,907.65,7827.3,834.15
2219-10-03T12:00:00Z,689.5,125.62,329.28,164.8,0.91,47.004,225.55,909.57,7758.7,833.25
2219-10-03T12:10:00Z,676.5,127.25,329.16,168.4,0.91,47.264,226.91,902.12,7870.8,834
2219-10-03T12:20:00Z,691,126.88,329.88,172.08,0.91,46.963,226.52,912.38,7908.8,830.85
2219-10-03T12:30:00Z,705.5,124.25,330.6,177.32,0.915,46.462,227.43,913.29,7760.9,832.5
2219-10-03T12:40:00Z,685.5,125.62,331.14,179.8,0.905,45.958,228.19,918.27,7808.9,836.4
2219-10-03T12:50:00Z,693.5,127.5,331.2,181.84,0.905,45.673,227,911.81,7826.5,829.95
2219-10-03T13:00:00Z,685.5,126.88,330.72,175.72,0.91,45.711,228.35,907.38,7797.2,827.7
2219-10-03T13:10:00Z,696,127,329.52,174.4,0.91,46.331,228.93,914.14,7843,829.95
2219-10-03T13:20:00Z,698.5,127.5,329.16,170.36,0.91,46.637,227.29,913.15,7809.8,822.6
2219-10-03T13:30:00Z,680,126.62,329.28,170.6,0.905,46.782,227,914.62,7840.4,818.85
2219-10-03T13:40:00Z,683.5,127.88,330.18,172.36,0.9,46.513,227.31,915.23,7874.6,814.65
2219-10-03T13:50:00Z,691,126.38,330,172.64,0.9,46.579,229.19,915.83,7777,806.4
2219-10-03T14:00:00Z,683,126.62,330.84,177.32,0.91,46.178,229.41,911.55,7750,813.3
2219-10-03T14:10:00Z,695,125.25,330.84,176.88,0.915,46.026,227.26,911.72,7900.9,815.85
2219-10-03T14:20:00Z,696.5,129.25,329.82,174.72,0.915,46.386,229.2,916.77,7929.9,817.95
2219-10-03T14:30:00Z,687.5,127.25,329.7,173.92,0.905,46.476,228.36,910.07,7913.4,816.45
2219-10-03T14:40:00Z,685,128.12,330.78,176.04,0.91,46.042,227.28,908.1,7904.4,817.35
2219-10-03T14:50:00Z,696,126.5,330.48,177.2,0.91,46.123,226.37,911.23,7687.6,813.3
2219-10-03T15:00:00Z,692,128,329.94,175.56,0.905,46.296,226.59,903.86,7882.1,819
2219-10-03T15:10:00Z,694,126.38,329.94,177.4,0.91,46.273,226.62,910.88,7833.4,817.05
2219-10-03T15:20:00Z,684.5,127.12,330.36,178.4,0.91,46.073,227.15,911.06,7865.9,814.65
2219-10-03T15:30:00Z,689,125.62,330.48,179.64,0.91,45.929,226.97,908.16,7844,806.85
2219-10-03T15:40:00Z,687.5,122.25,329.76,179.72,0.9,46.133,226.55,915.54,7794.9,812.4
2219-10-03T15:50:00Z,694,123,330.48,182.6,0.9,45.764,226.96,901.86,7630.9,820.5
2219-10-03T16:00:00Z,689,127.25,330.3,183.56,0.905,45.721,227.64,918.63,7755.1,818.1
2219-10-03T16:10:00Z,699,124.5,330.12,179.72,0.905,45.74,228.27,909.21,7706.2,817.05
2219-10-03T16:20:00Z,689,125.75,330.18,182,0.905,45.735,228.65,916.31,7981.9,816
2219-10-03T16:30:00Z,680,130.25,330.24,186.76,0.905,45.622,227.88,920.54,7964.9,816.9
2219-10-03T16:40:00Z,688,126.62,330.42,186.16,0.91,45.343,227.65,914.86,7804.1,814.35
2219-10-03T16:50:00Z,698,128,329.64,183.88,0.91,45.554,229.5,908.9,7866.7,818.25
2219-10-03T17:00:00Z,693,122.12,329.82,182.56,0.91,45.51,229.01,910.34,7803.7,818.7
2219-10-03T17:10:00Z,678.5,125.5,329.94,182.32,0.91,45.531,228.94,912.38,7877.2,817.5
2219-10-03T17:20:00Z,694.5,126.5,330,182.08,0.91,45.6,227.42,902.16,7775.9,819.15
2219-10-03T17:30:00Z,695,126.88,329.82,180.48,0.905,45.724,227.7,914.53,7949.8,817.65
2219-10-03T17:40:00Z,682.5,125.88,329.16,181.04,0.91,46.068,227.86,913.05,7891.2,815.4
2219-10-03T17:50:00Z,681.5,125.25,330.06,182.76,0.91,45.72,228.69,907.42,7819.1,815.4
2219-10-03T18:00:00Z,694.5,125.38,330.66,184.36,0.91,45.375,226.32,913.1,7783.2,818.55
2219-10-03T18:10:00Z,682,128,330.12,184.52,0.9,45.504,227.04,914.2,7943.9,832.05
2219-10-03T18:20:00Z,684.5,125.88,330.06,182.6,0.9,45.508,228.6,909.75,7860.6,833.55
2219-10-03T18:30:00Z,690,125.88,330.12,182.64,0.905,45.539,226.96,916.95,7764.6,836.4
2219-10-03T18:40:00Z,683,125.25,330,185.68,0.905,45.606,227.3,916.05,7815.8,836.7
2219-10-03T18:50:00Z,698,126.62,329.76,183.88,0.905,45.627,227.89,907.38,7692.7,831.9
2219-10-03T19:00:00Z,686.5,123.75,329.52,183,0.905,45.729,226.68,903.72,7646.7,826.2
2219-10-03T19:10:00Z,689.5,122.38,330,182.6,0.91,45.553,226.16,911.84,7752.2,826.5
2219-10-03T19:20:00Z,682,126.5,330.06,181.92,0.91,45.581,226.65,916.19,7874.2,836.25
2219-10-03T19:30:00Z,693,121.38,329.46,179.44,0.905,45.914,228.63,910.68,7714.8,829.65
2219-10-03T19:40:00Z,694,127.38,329.94,177.4,0.91,45.83,227.21,910.72,7841.9,835.05
2219-10-03T19:50:00Z,692.5,126.38,330.18,181.32,0.91,45.781,230.49,906.94,7782.3,836.25
2219-10-03T20:00:00Z,676.5,124.12,330.6,181.28,0.905,45.581,229.33,900.84,7822.6,834.45
2219-10-03T20:10:00Z,694.5,126.25,330.18,179.92,0.905,45.769,226.2,906.88,7907.6,830.7
2219-10-03T20:20:00Z,687,126.75,329.64,178.56,0.905,46.042,226.28,906.88,7826.7,829.05
2219-10-03T20:30:00Z,694,124.62,329.28,180.32,0.91,46.257,228.63,908.37,7911.3,828.9
2219-10-03T20:40:00Z,678.5,126.62,330.66,183.84,0.905,45.608,227.78,906.82,7782.9,837.15
2219-10-03T20:50:00Z,697,124.38,330.72,182.8,0.905,45.424,227.34,907.45,7751.6,842.7
2219-10-03T21:00:00Z,682.5,126,329.82,182.44,0.91,45.764,228.49,907.1,7875.4,842.85
2219-10-03T21:10:00Z,680.5,125.5,329.82,182.92,0.9,45.757,229.32,911.73,7813.3,835.65
2219-10-03T21:20:00Z,690.5,122.12,330,180.4,0.9,45.704,229.01,902.77,7753.5,837.45
2219-10-03T21:30:00Z,690.5,125.75,329.76,179.68,0.9,45.888,227.57,902.21,7747.8,836.25
2219-10-03T21:40:00Z,682.5,127.62,329.52,180.28,0.91,46.036,227.5,908.83,7844.2,838.8
2219-10-03T21:50:00Z,688,125.12,330.12,182.36,0.91,45.807,228.47,911.63,7893.2,835.95
2219-10-03T22:00:00Z,687.5,126,330.48,183.84,0.9,45.568,227.47,908.74,7962.9,838.5
2219-10-03T22:10:00Z,702.5,122.38,330.3,184.2,0.9,45.532,228.26,909.67,7760.2,838.65
2219-10-03T22:20:00Z,680.5,122.25,330.42,185.32,0.9,45.449,226.6,904.39,7734.7,846
2219-10-03T22:30:00Z,692,126.88,330.96,184.28,0.91,45.152,226.87,908.14,7928.7,841.2
2219-10-03T22:40:00Z,681.5,120.88,329.88,184.12,0.92,45.588,227.31,907.36,7663.5,840.9
2219-10-03T22:50:00Z,695,126.38,330.18,183.32,0.92,45.456,225.91,917.68,7834.5,849.75
2219-10-03T23:00:00Z,683.5,123.75,329.7,180.4,0.9,45.703,228.31,905.11,7749.4,849.75
2219-10-03T23:10:00Z,681.5,126.38,329.4,179.92,0.91,45.942,226.61,909.13,7818.2,856.95
2219-10-03T23:20:00Z,679.5,125.12,330.36,184.64,0.91,45.608,227.9,914.52,7706.6,856.5
2219-10-03T23:30:00Z,693,124.62,330.6,181.76,0.91,45.448,226.39,917.3,7761.7,859.35
2219-10-03T23:40:00Z,676.5,127.5,330,181.68,0.91,45.693,226.13,908.25,7865.8,854.25
2219-10-03T23:50:00Z,698.5,125.25,329.76,178.76,0.91,45.823,229.82,916.99,7847.6,855.6
