msd,QT-704,TT-701,AT-702,MT-703,AIC-702.out,WT-705,JI-706,n
122875,600.09,23.998,1199.2,70.603,73.838,25.952,4.5422,75
122876,381.04,21.812,1054.7,66.855,54.223,16.359,3.0864,148
122877,381.12,21.813,1054.5,71.704,54.165,16.361,3.0887,148
122878,380.81,21.812,1053.8,66.424,54.086,16.354,3.0892,148
122879,381.16,21.812,1054.5,69.036,54.189,16.382,3.0846,148
122880,380.8,21.813,1053.7,68.505,53.769,16.397,3.087,148
122881,381.68,21.81,1054.4,67.206,54.134,16.428,3.0869,148
122882,381.95,21.814,1054.6,63.655,53.609,16.381,3.0899,148
122883,381.13,21.812,1053.9,67.412,53.102,16.348,3.0878,148
122884,381.31,21.813,1054.4,68.186,53.635,16.394,3.0851,148
122885,380.58,21.813,1053.8,67.046,53.57,16.368,3.0874,148
122886,381.15,21.814,1054,70.586,53.221,16.348,3.0908,148
122887,379.89,21.797,1053.1,66.965,53.108,16.29,3.0748,147
122888,381.28,21.814,1054.3,68.723,53.201,16.353,3.0885,148
122889,381.94,21.81,1054.7,68.075,53.198,16.396,3.0864,148
122890,380.99,21.813,1054.1,66.416,53.316,16.375,3.0877,148
122891,381.18,21.808,1053.9,66.593,53.188,16.35,3.0911,148
122892,381.35,21.794,1054.8,67.903,52.663,16.362,3.0885,148
122893,380.91,21.778,1058.3,70.505,52.512,16.469,3.0877,148
122894,385.82,21.881,1064.5,66.892,53.034,16.823,3.1166,148
122895,397.55,21.972,1064.9,67.379,53.433,16.943,3.1934,148
122896,397.77,21.973,1064.8,70.4,55.509,17.113,3.1947,148
122897,397.33,21.973,1064.5,67.317,56.027,17.076,3.1937,148
122898,397.34,21.972,1064.7,65.692,55.932,17.124,3.1941,148
122899,396.53,21.975,1064.7,68.161,55.448,17.056,3.194,148
122900,396.81,21.974,1065.2,69.823,55.336,17.025,3.194,148
122901,397.4,21.974,1065.4,68.974,55.674,17.105,3.1906,148
122902,397.9,21.973,1064.6,68.107,55.19,17.05,3.1961,148
122903,397.01,21.978,1065,64.654,55.359,17.075,3.1978,148
122904,397.08,21.977,1064.4,65.468,55.066,17.087,3.1944,148
122905,397.53,21.982,1064.9,69.839,54.987,17.034,3.1929,148
122906,397.28,21.997,1064,65.93,54.557,16.969,3.194,148
122907,396.89,21.996,1057.7,71.58,54.847,16.82,3.1949,148
122908,386.02,21.845,1054,67.483,53.513,16.404,3.126,148
122909,381.34,21.812,1054.2,68.729,53.203,16.346,3.0881,148
122910,381.5,21.815,1054.8,69.518,52.839,16.259,3.0862,148
122911,379.35,21.798,1053.6,67.078,52.678,16.201,3.0786,147
122912,381.35,21.813,1053.4,71.676,52.753,16.29,3.0864,148
122913,381.2,21.809,1054.3,69.432,52.79,16.298,3.0891,148
