time,LT-501,FT-503,FT-507,PT-505,FT-509,LT-502,FT-504,FT-508,PT-506
2219-09-30T00:00:00Z,85.5,26.4,28.257,140.4,7.1574,84.8,15.21,6.1617,134.7
2219-09-30T00:10:00Z,85.5,25.65,28.005,139.5,7.1573,84.9,15.87,5.8079,133.5
2219-09-30T00:20:00Z,85.1,26.67,30.4,137.1,7.1579,84.9,16.47,5.8941,136.5
2219-09-30T00:30:00Z,85.4,25.32,29.905,136.5,7.1571,84.8,15.99,6.4299,134.4
2219-09-30T00:40:00Z,85.2,25.05,26.482,137.4,7.1578,85.4,15.21,6.3747,134.7
2219-09-30T00:50:00Z,85.3,24.78,28.212,137.1,7.1567,85.3,14.88,5.7201,135.3
2219-09-30T01:00:00Z,85.1,24.42,29.212,135.9,7.1572,85.3,15.06,6.0464,137.1
2219-09-30T01:10:00Z,85.3,26.01,31.039,135.3,7.1569,84.8,15.48,6.1884,137.7
2219-09-30T01:20:00Z,85.1,26.79,30.833,134.4,7.1571,85,14.37,6.86,139.2
2219-09-30T01:30:00Z,85.3,26.43,29.481,135.6,7.1578,85.1,15.03,5.9774,137.4
2219-09-30T01:40:00Z,85.5,25.98,28.001,135.6,7.1583,84.7,13.98,6.9324,136.8
2219-09-30T01:50:00Z,85.3,27.03,29.982,133.2,7.1576,84.9,14.16,6.7209,137.4
2219-09-30T02:00:00Z,85.3,27.9,30.714,132.9,7.1587,85.3,13.23,6.2231,137.7
2219-09-30T02:10:00Z,85.3,28.05,28.294,132.9,7.1592,85.2,13.29,6.0674,139.2
2219-09-30T02:20:00Z,85.8,26.34,31.012,132.6,7.1594,85.3,14.52,6.3479,138.3
2219-09-30T02:30:00Z,85.4,28.26,29.483,133.2,7.159,84.9,15.27,5.3705,138.9
2219-09-30T02:40:00Z,85.3,27.54,29.333,136.2,7.1606,85.5,13.59,6.2201,137.1
2219-09-30T02:50:00Z,85.2,26.67,35.869,136.5,7.1603,85.1,14.82,5.8794,136.8
2219-09-30T03:00:00Z,85.1,26.61,29.554,138,7.1608,85,14.34,5.729,139.5
2219-09-30T03:10:00Z,85.4,27.51,30.708,137.7,7.1614,85.4,15,6.5311,138.6
2219-09-30T03:20:00Z,85.2,26.97,31.936,136.2,7.1616,84.9,14.55,6.616,137.4
2219-09-30T03:30:00Z,85.1,25.77,34.835,138,7.1615,84.5,14.25,6.677,140.1
2219-09-30T03:40:00Z,85.6,25.95,29.605,138,7.1604,84.6,13.95,6.2875,141.3
2219-09-30T03:50:00Z,85.5,25.74,31.252,136.8,7.1596,85,14.22,6.1536,142.2
2219-09-30T04:00:00Z,85.3,27.03,31.647,138.3,7.1603,84.8,14.4,5.1521,143.4
2219-09-30T04:10:00Z,85.2,25.47,30.207,137.1,7.16,85.2,14.58,6.505,140.1
2219-09-30T04:20:00Z,85.4,25.89,29.304,135,7.1587,85.2,14.25,6.269,139.5
2219-09-30T04:30:00Z,85.4,25.08,32.519,136.2,7.1593,84.7,14.91,6.1722,136.5
2219-09-30T04:40:00Z,85.3,25.26,29.935,138.3,7.1579,84.7,15.03,5.5361,138.9
2219-09-30T04:50:00Z,85.3,24.36,30.895,138,7.1582,85.2,15.45,5.739,137.7
2219-09-30T05:00:00Z,85.3,23.1,30.914,140.1,7.1556,85,15.36,5.8845,140.7
2219-09-30T05:10:00Z,85.4,22.95,30.794,138.9,7.1547,84.8,14.43,6.4058,140.7
2219-09-30T05:20:00Z,84.9,22.5,27.497,140.4,7.1532,85,15.69,6.7565,142.5
2219-09-30T05:30:00Z,85.4,22.29,28.188,138.9,7.1519,84.7,16.17,5.8366,141.9
2219-09-30T05:40:00Z,85.3,22.35,28.798,137.4,7.1507,85,15.63,6.2585,144.3
2219-09-30T05:50:00Z,85.1,23.01,31.81,136.5,7.1482,85.2,16.86,6.1521,142.8
2219-09-30T06:00:00Z,85.1,23.97,28.249,138,7.1473,84.9,15.9,6.4678,143.7
2219-09-30T06:10:00Z,85.3,23.49,30.033,137.1,7.1478,85.3,15.6,6.2653,145.8
2219-09-30T06:20:00Z,85.6,24.18,29.338,135.6,7.1464,84.9,15.27,6.1774,146.4
2219-09-30T06:30:00Z,85.4,24.87,27.766,135.6,7.1462,85.2,14.94,6.1003,146.1
2219-09-30T06:40:00Z,85.1,23.7,28.545,133.5,7.1463,84.9,14.61,6.4656,147.3
2219-09-30T06:50:00Z,85.3,23.4,29.857,132.9,7.1462,85.3,13.74,6.9974,145.8
2219-09-30T07:00:00Z,84.8,23.64,29.069,133.5,7.1432,84.9,13.74,6.0644,144.6
2219-09-30T07:10:00Z,84.9,23.16,31.157,130.8,7.1428,85,14.43,6.4553,145.2
2219-09-30T07:20:00Z,85.2,22.71,29.608,130.2,7.1425,85,13.56,6.5712,144.6
2219-09-30T07:30:00Z,84.8,22.26,28.584,129,7.1421,85.1,14.01,7.1737,143.1
2219-09-30T07:40:00Z,85.3,22.02,26.774,127.8,7.1405,85,13.32,6.655,146.1
2219-09-30T07:50:00Z,85,22.95,28.016,129.6,7.1395,84.9,14.07,6.0979,147.3
2219-09-30T08:00:00Z,84.9,22.29,29.673,129,7.139,84.8,13.65,6.5726,146.1
2219-09-30T08:10:00Z,84.9,22.71,28.735,127.2,7.1371,84.9,14.19,6.997,148.5
2219-09-30T08:20:00Z,85.3,22.47,27.515,125.7,7.1367,85.4,14.43,5.5341,148.5
2219-09-30T08:30:00Z,84.7,22.74,30.612,127.2,7.1356,84.9,13.86,6.3405,148.5
2219-09-30T08:40:00Z,84.8,22.11,27.111,127.8,7.1351,84.8,13.95,6.1011,146.1
2219-09-30T08:50:00Z,84.9,21.15,27.144,126.6,7.1335,85.1,12.69,6.7785,146.4
2219-09-30T09:00:00Z,84.9,20.82,27.412,125.7,7.1327,85.3,12.09,6.2561,147.6
2219-09-30T09:10:00Z,84.9,20.07,25.454,126.6,7.1317,85.3,15.03,5.7942,147.9
2219-09-30T09:20:00Z,85.2,19.71,23.606,125.7,7.13,84.8,14.58,6.5778,147.3
2219-09-30T09:30:00Z,85.1,21.81,28.825,123.9,7.1298,85.4,14.97,6.4229,148.2
2219-09-30T09:40:00Z,85.3,20.88,24.814,124.5,7.1281,85.1,15.48,6.6844,150.6
2219-09-30T09:50:00Z,84.9,21.78,26.763,122.7,7.1288,85.1,15.57,6.8503,147.6
2219-09-30T10:00:00Z,85,22.2,26.112,123,7.1267,84.9,16.74,6.1969,149.1
2219-09-30T10:10:00Z,84.9,22.65,27.073,121.5,7.1265,85.2,16.41,5.6751,147.6
2219-09-30T10:20:00Z,84.7,20.85,25.188,123,7.1262,85,17.91,6.5346,152.7
2219-09-30T10:30:00Z,84.8,21.24,25.52,122.4,7.1265,85.3,17.76,6.1896,150.9
2219-09-30T10:40:00Z,84.9,22.35,26.52,120.9,7.1256,85.2,16.77,5.807,149.7
2219-09-30T10:50:00Z,85.1,23.73,25.893,121.8,7.1249,85.2,16.71,6.1744,149.4
2219-09-30T11:00:00Z,84.8,23.13,24.92,120,7.1254,85.1,16.26,6.4445,149.4
2219-09-30T11:10:00Z,84.9,22.44,25.295,120,7.1256,85.4,15.36,7.1681,149.1
2219-09-30T11:20:00Z,85,22.26,28.527,117,7.1257,85,15.9,6.4299,147.9
2219-09-30T11:30:00Z,84.9,23.49,24.135,118.2,7.1255,85.3,16.05,6.1892,149.1
2219-09-30T11:40:00Z,85.1,24,24.203,118.2,7.1268,85,15.81,6.0944,148.5
2219-09-30T11:50:00Z,84.8,23.43,24.999,122.4,7.1263,84.9,15.03,6.8138,150.6
2219-09-30T12:00:00Z,85,23.07,27.667,124.2,7.1257,85.1,15.06,6.8619,147.3
2219-09-30T12:10:00Z,84.5,23.94,21.888,124.2,7.1269,85.4,14.67,6.782,147.9
2219-09-30T12:20:00Z,85,23.1,23.72,124.2,7.1275,85,13.83,6.547,147.9
2219-09-30T12:30:00Z,85.3,24.78,27.759,126,7.1284,85.1,12.69,7.4065,149.7
2219-09-30T12:40:00Z,84.9,26.37,24.238,126.3,7.129,85,12.18,5.7823,147.9
2219-09-30T12:50:00Z,84.9,25.74,27.644,125.4,7.1286,85,13.2,6.7823,146.4
2219-09-30T13:00:00Z,84.7,24.51,25.611,127.8,7.1306,85.1,12.93,6.8044,145.5
2219-09-30T13:10:00Z,85.2,24.45,25.394,126.6,7.1316,85,13.68,6.4526,145.5
2219-09-30T13:20:00Z,85,24.27,26.604,124.5,7.1315,85.1,12.66,6.2136,145.5
2219-09-30T13:30:00Z,84.7,25.11,23.235,123.6,7.1323,84.8,13.11,5.7665,146.4
2219-09-30T13:40:00Z,84.8,25.29,26.388,126,7.1335,85,14.34,6.7776,146.1
2219-09-30T13:50:00Z,85,26.58,28.986,125.7,7.1349,84.6,13.8,6.1093,147.9
2219-09-30T14:00:00Z,85.3,26.94,24.579,126,7.1351,84.8,13.71,5.9192,145.8
2219-09-30T14:10:00Z,84.8,25.68,29.027,125.7,7.1352,84.9,15.3,6.8773,145.8
2219-09-30T14:20:00Z,85.1,24.6,28.838,125.1,7.1356,85.3,14.55,6.1369,146.1
2219-09-30T14:30:00Z,84.9,23.73,26.354,125.4,7.1363,84.9,15.21,5.5929,144
2219-09-30T14:40:00Z,85.3,23.13,26.391,125.1,7.1355,84.9,14.79,5.5146,144.6
2219-09-30T14:50:00Z,85.2,21.84,27.032,124.5,7.134,85,15.33,6.2686,144.9
2219-09-30T15:00:00Z,84.9,21.57,27.483,125.4,7.1338,85.4,15.81,6.414,144.6
2219-09-30T15:10:00Z,85,21.87,26.181,128.1,7.1329,84.6,15.54,6.1223,144.6
2219-09-30T15:20:00Z,84.7,22.38,25.779,128.7,7.1314,84.9,17.04,6.4048,141.9
2219-09-30T15:30:00Z,84.5,22.83,25.845,127.2,7.1319,85,16.77,5.6454,144
2219-09-30T15:40:00Z,84.7,23.76,27.242,126.3,7.1312,84.8,16.17,6.3088,145.2
2219-09-30T15:50:00Z,85.4,21.63,24.145,125.4,7.1313,85,17.7,6.4014,145.8
2219-09-30T16:00:00Z,85.3,21.48,26.174,125.4,7.1311,85.3,17.13,6.5143,144.3
2219-09-30T16:10:00Z,84.9,20.55,24.938,124.2,7.1299,84.6,16.62,6.4593,146.1
2219-09-30T16:20:00Z,84.7,20.31,26.207,126.9,7.1283,85.2,15.66,5.9872,147.6
2219-09-30T16:30:00Z,85,19.23,23.741,128.7,7.1267,85.2,17.34,6.8174,147
2219-09-30T16:40:00Z,85.2,19.77,27.964,128.7,7.1255,85.1,16.05,6.8226,147.3
2219-09-30T16:50:00Z,84.8,18.9,24.079,125.7,7.1247,85.3,16.38,6.3739,147.9
2219-09-30T17:00:00Z,85,18.93,24.177,129.6,7.1228,85.2,16.14,6.7808,145.2
2219-09-30T17:10:00Z,85.1,19.62,27.447,130.5,7.1215,85,15.21,6.0743,142.5
2219-09-30T17:20:00Z,84.9,19.95,24.595,133.5,7.1212,85.4,15,6.7443,144.3
2219-09-30T17:30:00Z,85,19.23,21.65,133.8,7.121,84.8,14.88,6.656,144.3
2219-09-30T17:40:00Z,84.8,18.66,23.044,130.8,7.1192,84.9,15.66,6.6233,143.7
2219-09-30T17:50:00Z,85.2,18.39,25.074,132.3,7.118,85,14.82,5.7798,143.4
2219-09-30T18:00:00Z,84.7,16.14,23.032,131.4,7.1176,85.2,15.36,6.7512,144.6
2219-09-30T18:10:00Z,84.8,16.92,22.314,130.8,7.1154,85.2,14.4,5.6845,143.4
2219-09-30T18:20:00Z,84.6,16.92,22.933,130.8,7.1136,85,15,7.5882,146.4
2219-09-30T18:30:00Z,85,16.26,23.768,133.5,7.112,85.1,15.63,6.6642,145.8
2219-09-30T18:40:00Z,84.5,16.32,24.281,130.5,7.1104,84.8,16.32,6.7426,146.1
2219-09-30T18:50:00Z,84.7,15.54,24.116,129.9,7.1085,85.1,17.1,6.287,143.1
2219-09-30T19:00:00Z,85.2,16.56,22.421,129,7.1079,85.2,15.84,6.5419,142.2
2219-09-30T19:10:00Z,84.6,15.9,23.747,128.4,7.105,85.1,15.24,7.1059,143.7
2219-09-30T19:20:00Z,84.6,15.69,22.536,127.8,7.1042,85.1,16.92,6.4762,142.8
2219-09-30T19:30:00Z,84.9,16.41,18.337,130.5,7.1024,85.1,16.95,6.7387,140.1
2219-09-30T19:40:00Z,84.3,18.51,22.431,132.3,7.1026,85.2,17.1,6.1636,139.2
2219-09-30T19:50:00Z,84.3,20.1,21.326,131.4,7.1023,85.1,17.97,6.8483,141
2219-09-30T20:00:00Z,84.5,20.88,20.176,130.8,7.1035,85.3,17.79,7.0716,141.6
2219-09-30T20:10:00Z,84.5,19.98,22.673,131.1,7.1037,85.4,17.01,7.1087,141.6
2219-09-30T20:20:00Z,84.6,19.98,23.443,129,7.1041,85.2,17.58,7.6458,138.3
2219-09-30T20:30:00Z,84.5,20.64,19.91,130.2,7.1035,85.1,16.86,7.4634,137.1
2219-09-30T20:40:00Z,84.9,21.15,24.753,130.5,7.1065,85.1,16.65,6.0423,137.1
2219-09-30T20:50:00Z,84.9,21,20.985,128.7,7.1054,85.3,16.47,6.9069,139.8
2219-09-30T21:00:00Z,84.8,21.84,21.082,128.4,7.1077,84.6,15.69,7.6015,138.6
2219-09-30T21:10:00Z,84.7,20.58,22.147,129,7.1067,85.2,15.84,6.9178,137.4
2219-09-30T21:20:00Z,85.1,20.4,20.595,130.2,7.1079,85,16.2,6.2479,137.1
2219-09-30T21:30:00Z,84.7,19.14,22.032,130.5,7.1081,85.2,15.3,6.8949,139.2
2219-09-30T21:40:00Z,84.7,18.99,21.418,131.4,7.1086,84.8,14.79,7.3248,138.3
2219-09-30T21:50:00Z,84.7,18.93,21.899,135.3,7.1101,85.1,14.31,7.1467,137.7
2219-09-30T22:00:00Z,84.6,18.66,21.095,133.5,7.1086,85.1,13.89,7.4893,138.6
2219-09-30T22:10:00Z,84.6,18.75,20.304,133.5,7.1084,85.5,15.21,6.5773,140.4
2219-09-30T22:20:00Z,84.9,19.23,22.042,133.8,7.109,85.1,15.54,6.9232,140.7
2219-09-30T22:30:00Z,84.8,19.05,20.745,134.7,7.109,85.3,14.97,6.5497,141.3
2219-09-30T22:40:00Z,84.5,20.64,21.986,134.1,7.1089,85.2,14.76,6.8775,141
2219-09-30T22:50:00Z,84.5,21.27,21.229,135.6,7.1101,85.3,15.03,6.6465,141.3
2219-09-30T23:00:00Z,84.6,20.49,20.189,136.8,7.1111,85,15.18,7.1447,139.8
2219-09-30T23:10:00Z,84.9,22.68,19.581,137.7,7.1119,85,14.1,6.156,140.4
2219-09-30T23:20:00Z,84.9,22.2,21.65,139.8,7.1122,85.3,11.97,6.2309,142.2
2219-09-30T23:30:00Z,84.7,22.95,24.398,140.7,7.1141,84.8,11.46,6.5023,141.3
2219-09-30T23:40:00Z,85,23.07,22.4,139.2,7.1157,84.8,11.61,5.7131,142.5
2219-09-30T23:50:00Z,84.9,22.92,20.566,138.3,7.1161,85.1,11.97,6.4911,141.6
