time,FT-401,FT-402,TT-403,TT-404,AT-403,WT-405,WT-406,JI-410
2219-09-12T00:00:00Z,19.77,1106,899.88,295.14,95,13.711,12.227,70.238
2219-09-12T00:10:00Z,20.25,1092,899.64,294.54,95,13.841,12.451,69.03
2219-09-12T00:20:00Z,20.04,1128,900.24,299.16,95,13.389,12.692,69.386
2219-09-12T00:30:00Z,20.16,1086,901.32,299.1,95,13.629,12.702,70.502
2219-09-12T00:40:00Z,19.98,1096,901.32,297.24,95,13.855,12.505,69.445
2219-09-12T00:50:00Z,20.325,1112,899.4,290.82,95,13.385,12.637,71.094
2219-09-12T01:00:00Z,19.995,1091,898.8,278.94,95.5,13.563,12.32,70.055
2219-09-12T01:10:00Z,20.19,1123,897.72,286.32,95.5,13.181,12.61,70.881
2219-09-12T01:20:00Z,20.07,1097,900.12,291.72,95.5,13.396,12.539,68.052
2219-09-12T01:30:00Z,20.13,1109,899.4,293.16,95.5,13.455,12.268,68.4
2219-09-12T01:40:00Z,20.175,1094,899.64,291.6,95.5,13.42,12.786,69.867
2219-09-12T01:50:00Z,20.055,1092,900.12,295.92,95.5,13.514,12.522,74.422
2219-09-12T02:00:00Z,20.19,1108,900.48,300.42,95.5,13.492,12.151,69.545
2219-09-12T02:10:00Z,19.995,1095,902.04,300.84,95.5,13.579,12.673,68.784
2219-09-12T02:20:00Z,20.07,1083,903.36,307.2,95.5,13.705,12.648,66.064
2219-09-12T02:30:00Z,19.95,1110,901.68,303.54,95.5,13.509,12.257,69.569
2219-09-12T02:40:00Z,20.22,1099,901.08,297.54,95.5,13.771,12.401,68.523
2219-09-12T02:50:00Z,19.965,1084,899.76,293.64,95.5,13.662,12.604,69.427
2219-09-12T03:00:00Z,20.07,1100,900.12,292.2,95.5,13.476,12.627,68.676
2219-09-12T03:10:00Z,19.98,1100,899.52,287.88,95.5,13.537,13.034,70.212
2219-09-12T03:20:00Z,20.085,1102,898.68,289.14,95.5,13.621,12.669,74.761
2219-09-12T03:30:00Z,20.37,1123,898.92,283.5,95.5,13.441,12.409,69.437
2219-09-12T03:40:00Z,20.025,1098,898.8,287.34,95.5,13.688,12.523,70.502
2219-09-12T03:50:00Z,19.695,1085,899.52,289.32,95.5,13.662,12.237,68.671
2219-09-12T04:00:00Z,20.04,1100,899.4,286.2,95.5,13.62,12.7,70.208
2219-09-12T04:10:00Z,19.905,1071,899.88,288.72,95.5,13.47,12.545,67.356
2219-09-12T04:20:00Z,20.19,1086,900.24,290.94,95.5,13.623,12.256,68.293
2219-09-12T04:30:00Z,20.205,1084,899.52,291.72,95.5,13.567,12.531,69.09
2219-09-12T04:40:00Z,20.145,1142,900.6,296.1,95.5,13.688,12.575,69.126
2219-09-12T04:50:00Z,20.175,1095,900.72,292.26,95.5,13.352,12.567,71.457
2219-09-12T05:00:00Z,20.115,1081,900,294.48,95,13.977,12.418,68.868
2219-09-12T05:10:00Z,19.83,1096,899.52,291.66,95,13.536,12.655,68.027
2219-09-12T05:20:00Z,20.13,1103,900,290.7,95,13.386,12.324,68.136
2219-09-12T05:30:00Z,20.145,1082,900.96,291.96,95,13.592,12.417,68.626
2219-09-12T05:40:00Z,20.055,1081,900.48,293.16,95,13.606,12.028,64.124
2219-09-12T05:50:00Z,20.07,1081,900.36,296.34,95,13.501,12.337,68.044
2219-09-12T06:00:00Z,19.98,1102,900.36,292.14,95,13.697,12.439,68.125
2219-09-12T06:10:00Z,19.965,1083,899.64,294.18,95,13.639,12.194,68.649
2219-09-12T06:20:00Z,20.13,1103,899.76,293.88,95,13.647,12.357,68.821
2219-09-12T06:30:00Z,19.815,1103,899.76,295.68,95,13.908,12.707,75.928
2219-09-12T06:40:00Z,20.04,1104,901.8,295.02,95,13.579,12.427,69.728
2219-09-12T06:50:00Z,20.085,1130,899.76,299.16,95,13.544,12.336,70.134
2219-09-12T07:00:00Z,20.085,1063,900.72,294.96,95,13.739,12.192,66.618
2219-09-12T07:10:00Z,19.665,1092,899.52,294.66,95,13.584,12.796,66.724
2219-09-12T07:20:00Z,20.1,1122,899.4,297.84,95,13.522,12.401,69.654
2219-09-12T07:30:00Z,20.31,1095,900,297.12,95,13.494,12.508,71.197
2219-09-12T07:40:00Z,19.89,1106,899.76,297.66,95,13.685,12.326,73.054
2219-09-12T07:50:00Z,19.875,1128,899.88,296.46,95,13.713,12.353,70.373
2219-09-12T08:00:00Z,20.295,1083,901.32,299.1,95,13.398,12.508,67.32
2219-09-12T08:10:00Z,20.34,1089,901.32,299.16,95,13.449,12.783,66.558
2219-09-12T08:20:00Z,20.115,1086,900,298.86,95,13.708,12.337,67.039
2219-09-12T08:30:00Z,19.8,1090,899.28,298.5,95,13.282,12.63,70.278
2219-09-12T08:40:00Z,20.22,1088,899.88,304.98,95,13.517,12.465,67.96
2219-09-12T08:50:00Z,20.01,1101,899.16,297.18,95,13.787,12.512,68.695
2219-09-12T09:00:00Z,19.965,1096,898.44,298.68,94.5,13.649,12.209,70.066
2219-09-12T09:10:00Z,20.385,1114,899.76,295.38,94.5,13.766,12.47,69.785
2219-09-12T09:20:00Z,19.89,1083,899.88,291.72,94.5,13.184,12.648,66.072
2219-09-12T09:30:00Z,19.98,1091,899.28,293.4,94.5,13.533,12.577,68.437
2219-09-12T09:40:00Z,20.385,1124,899.4,289.08,94.5,13.532,12.356,72.09
2219-09-12T09:50:00Z,19.56,1089,898.44,287.46,94.5,13.402,12.578,66.879
2219-09-12T10:00:00Z,19.995,1103,899.04,293.46,94.5,13.747,12.847,66.625
2219-09-12T10:10:00Z,19.995,1131,899.16,294.42,94.5,13.424,12.404,64.933
2219-09-12T10:20:00Z,20.025,1100,900.6,297.54,94.5,13.849,12.353,63.489
2219-09-12T10:30:00Z,19.815,1101,900.12,299.34,94.5,13.532,12.664,63.23
2219-09-12T10:40:00Z,19.89,1089,901.2,297.06,94.5,13.464,12.75,65.722
2219-09-12T10:50:00Z,19.8,1095,900.96,300.12,94.5,13.657,12.501,63.995
2219-09-12T11:00:00Z,20.085,1103,900.36,299.94,94.5,13.868,12.395,69.422
2219-09-12T11:10:00Z,20.265,1103,900.84,294.18,94.5,13.338,12.823,64.529
2219-09-12T11:20:00Z,20.19,1130,900.12,296.16,94.5,13.624,12.356,68.339
2219-09-12T11:30:00Z,19.8,1079,900,294.24,94.5,13.676,12.433,67.38
2219-09-12T11:40:00Z,20.1,1113,899.52,295.44,94.5,13.378,12.715,69.966
2219-09-12T11:50:00Z,19.995,1116,900.48,294.12,94.5,13.551,12.495,70.265
2219-09-12T12:00:00Z,20.025,1105,899.52,290.52,94.5,13.561,12.657,71.679
2219-09-12T12:10:00Z,19.875,1099,900.24,290.4,94.5,13.693,12.477,73.429
2219-09-12T12:20:00Z,19.725,1058,899.4,284.46,94.5,13.497,12.443,68.683
2219-09-12T12:30:00Z,19.86,1075,899.28,288.24,94.5,13.504,12.415,67.469
2219-09-12T12:40:00Z,19.905,1110,898.68,289.32,94.5,13.539,12.495,68.49
2219-09-12T12:50:00Z,20.265,1097,901.2,286.8,94.5,13.611,12.525,68.761
2219-09-12T13:00:00Z,19.995,1119,898.92,281.76,95,13.164,12.254,70.891
2219-09-12T13:10:00Z,20.355,1102,899.16,283.92,95,13.491,12.357,70.666
2219-09-12T13:20:00Z,20.1,1107,898.92,279.6,95,13.573,12.834,68.889
2219-09-12T13:30:00Z,20.04,1111,898.8,272.7,95,13.508,12.8,66.166
2219-09-12T13:40:00Z,19.92,1092,897.36,271.74,95,13.699,12.171,68.456
2219-09-12T13:50:00Z,20.145,1113,897.6,267.9,95,13.759,12.379,67.025
2219-09-12T14:00:00Z,20.25,1101,898.56,269.88,95,13.547,12.757,64.288
2219-09-12T14:10:00Z,20.13,1110,899.52,269.22,95,13.489,12.714,66.091
2219-09-12T14:20:00Z,20.145,1076,900,271.32,95,13.369,12.462,67.408
2219-09-12T14:30:00Z,20.055,1073,898.56,266.52,95,13.576,12.388,69.677
2219-09-12T14:40:00Z,19.98,1095,899.16,263.64,95,13.655,12.497,69.575
2219-09-12T14:50:00Z,19.98,1099,898.44,263.46,95,13.645,12.636,68.635
2219-09-12T15:00:00Z,20.07,1090,898.08,257.7,95,13.674,12.033,70.848
2219-09-12T15:10:00Z,19.86,1087,899.88,263.58,95,13.49,12.283,71.985
2219-09-12T15:20:00Z,19.845,1096,898.8,265.44,95,13.669,12.209,72.038
2219-09-12T15:30:00Z,20.295,1069,901.2,268.02,95,13.646,12.544,67.433
2219-09-12T15:40:00Z,20.025,1084,900.72,266.28,95,13.687,12.699,69.743
2219-09-12T15:50:00Z,19.77,1117,901.32,269.1,95,13.607,12.73,69.951
2219-09-12T16:00:00Z,20.025,1081,899.52,268.38,95,13.676,12.459,71.409
2219-09-12T16:10:00Z,19.98,1083,900.36,272.16,95,13.304,12.373,65.57
2219-09-12T16:20:00Z,19.95,1102,901.32,275.22,95,13.696,12.416,64.123
2219-09-12T16:30:00Z,19.92,1092,901.44,277.5,95,13.398,12.463,69.362
2219-09-12T16:40:00Z,19.995,1115,901.92,280.74,95,13.38,12.529,66.234
2219-09-12T16:50:00Z,19.77,1112,901.68,286.14,95,13.667,12.672,71.793
2219-09-12T17:00:00Z,20.175,1114,902.4,290.22,94.5,13.49,12.006,69.465
2219-09-12T17:10:00Z,20.28,1085,902.28,288.18,94.5,13.675,12.322,68.633
2219-09-12T17:20:00Z,19.995,1115,902.04,294.78,94.5,13.545,13.066,69.196
2219-09-12T17:30:00Z,20.025,1098,902.52,291.66,94.5,13.773,12.758,72.532
2219-09-12T17:40:00Z,19.905,1082,900,292.8,94.5,13.529,12.579,68.549
2219-09-12T17:50:00Z,19.995,1119,900.72,292.44,94.5,13.711,12.798,71.443
2219-09-12T18:00:00Z,20.07,1100,899.88,294.12,94.5,13.286,12.493,70.583
2219-09-12T18:10:00Z,20.385,1119,900.24,291.66,94.5,13.626,12.643,72.122
2219-09-12T18:20:00Z,20.025,1119,900.96,292.56,94.5,13.802,12.272,75.014
2219-09-12T18:30:00Z,19.98,1076,899.88,287.82,94.5,13.436,12.323,70.438
2219-09-12T18:40:00Z,19.965,1079,899.64,286.2,94.5,13.364,12.588,72.101
2219-09-12T18:50:00Z,20.085,1101,899.28,288.84,94.5,13.583,12.388,73.202
2219-09-12T19:00:00Z,19.77,1102,899.04,288.72,94.5,13.569,12.164,72.491
2219-09-12T19:10:00Z,19.8,1109,900,290.82,94.5,13.505,12.457,70.447
2219-09-12T19:20:00Z,19.965,1087,900,285.66,94.5,13.58,12.418,70.137
2219-09-12T19:30:00Z,20.055,1126,899.4,285.24,94.5,13.564,12.679,70.194
2219-09-12T19:40:00Z,19.83,1097,899.4,291.78,94.5,13.625,12.872,70.88
2219-09-12T19:50:00Z,20.085,1097,900.6,296.82,94.5,13.309,12.555,70.56
2219-09-12T20:00:00Z,20.1,1098,900.72,290.58,94.5,13.586,12.453,68.904
2219-09-12T20:10:00Z,19.8,1091,899.64,287.58,94.5,13.563,12.259,72.347
2219-09-12T20:20:00Z,20.025,1097,899.04,284.52,94.5,13.47,12.433,70.911
2219-09-12T20:30:00Z,19.92,1084,899.64,286.98,94.5,13.675,12.62,69.535
2219-09-12T20:40:00Z,20.16,1110,899.88,290.4,94.5,13.826,12.61,67.062
2219-09-12T20:50:00Z,19.77,1123,900.48,292.32,94.5,13.688,12.635,67.403
2219-09-12T21:00:00Z,19.935,1103,899.76,292.62,95,13.355,12.44,69.781
2219-09-12T21:10:00Z,19.92,1120,898.92,292.98,95,13.898,12.628,70.288
2219-09-12T21:20:00Z,19.815,1096,901.56,296.7,95,13.484,12.723,68.641
2219-09-12T21:30:00Z,20.235,1111,901.44,294.36,95,13.487,12.629,65.128
2219-09-12T21:40:00Z,19.635,1112,901.68,296.94,95,13.679,12.412,65.4
2219-09-12T21:50:00Z,20.43,1085,900.48,298.2,95,13.759,12.846,64.485
2219-09-12T22:00:00Z,19.905,1107,900.36,299.82,95,13.54,12.603,65.836
2219-09-12T22:10:00Z,20.19,1083,900,298.44,95,13.466,12.604,66.192
2219-09-12T22:20:00Z,19.845,1116,900.96,297.42,95,13.421,12.41,69.669
2219-09-12T22:30:00Z,19.74,1080,900.6,303.78,95,13.439,12.535,68.289
2219-09-12T22:40:00Z,19.725,1101,900.96,301.2,95,13.528,11.96,68.027
2219-09-12T22:50:00Z,19.74,1102,901.32,299.7,95,13.473,12.351,68.196
2219-09-12T23:00:00Z,20.04,1124,900.12,300.78,95,13.438,12.654,71.262
2219-09-12T23:10:00Z,20.295,1115,899.16,297.96,95,13.757,12.499,68.435
2219-09-12T23:20:00Z,20.13,1093,899.64,297.96,95,13.476,12.4,66.739
2219-09-12T23:30:00Z,19.935,1091,899.16,302.82,95,13.672,12.539,68.384
2219-09-12T23:40:00Z,20.025,1116,900.6,301.56,95,13.83,12.931,69.428
2219-09-12T23:50:00Z,19.965,1097,899.76,301.14,95,13.579,12.118,70.751
