time,JI-201,JI-202,JI-203,JI-204,TT-201,TT-202,TT-203,TT-204,JI-205,AT-205,JI-210,JI-211,TT-200
2219-10-10T00:00:00Z,4.9727,4.8063,4.8987,4.9301,649.8,649.62,649.53,650.43,9.4416,0.78157,29.066,23.823,-36.795
2219-10-10T00:10:00Z,4.9539,4.8085,4.9298,4.9233,650.25,649.89,649.98,649.98,9.3777,0.771,29.027,23.022,-37.592
2219-10-10T00:20:00Z,4.9659,4.8041,4.9059,4.9046,649.98,650.7,650.52,650.7,9.4227,0.771,28.953,23.505,-38.064
2219-10-10T00:30:00Z,4.9035,4.785,4.9527,4.9399,649.44,650.43,650.07,650.07,9.4199,0.771,29.044,23.814,-38.117
2219-10-10T00:40:00Z,4.9742,4.7851,4.953,4.9289,649.53,650.52,649.98,649.35,9.3475,0.771,28.995,23.613,-37.836
2219-10-10T00:50:00Z,4.9078,4.8464,4.9267,4.9377,650.07,650.61,650.79,650.34,9.4551,0.771,29.004,24.18,-36.762
2219-10-10T01:00:00Z,4.9186,4.7937,4.9778,4.9368,650.07,650.16,649.89,649.71,9.4424,0.771,29.037,24.969,-36.997
2219-10-10T01:10:00Z,4.9382,4.8159,4.9254,4.8794,650.25,650.16,650.52,650.52,9.3482,0.78757,28.9,24.671,-37.42
2219-10-10T01:20:00Z,4.8818,4.8286,4.9429,4.9392,650.07,650.43,650.52,649.71,9.309,0.78757,28.935,23.652,-37.125
2219-10-10T01:30:00Z,4.8818,4.7823,4.9178,4.9143,650.7,650.43,650.16,650.16,9.3279,0.78757,28.894,23.809,-36.587
2219-10-10T01:40:00Z,4.9532,4.8414,4.8937,4.928,650.34,649.62,650.25,650.61,9.4263,0.78757,29.053,24.344,-36.224
2219-10-10T01:50:00Z,4.9063,4.7757,4.9541,4.9251,650.79,650.25,650.52,649.89,9.4081,0.78757,28.92,24.293,-36.427
2219-10-10T02:00:00Z,4.9355,4.786,4.9778,4.9317,650.7,650.07,649.8,650.07,9.417,0.78757,28.969,24.024,-35.804
2219-10-10T02:10:00Z,4.9502,4.8131,4.9231,4.9595,649.08,650.52,649.89,649.44,9.4823,0.74412,29.1,24.452,-36.907
2219-10-10T02:20:00Z,4.939,4.7824,4.9048,4.9463,649.71,650.52,650.07,650.7,9.4259,0.74412,29.037,24.531,-36.033
2219-10-10T02:30:00Z,4.9185,4.805,4.894,4.9303,650.52,649.44,650.97,650.79,9.4459,0.74412,28.994,24.287,-35.944
2219-10-10T02:40:00Z,4.9488,4.7895,4.9176,4.8821,649.8,649.98,651.15,650.79,9.4496,0.74412,29.043,24.083,-36.804
2219-10-10T02:50:00Z,4.9221,4.7695,4.9182,4.9386,650.34,649.98,650.34,650.34,9.5384,0.74412,29.004,23.811,-36.445
2219-10-10T03:00:00Z,4.9356,4.7869,4.9467,4.954,649.98,649.89,648.9,650.25,9.3643,0.74412,29.022,22.822,-35.965
2219-10-10T03:10:00Z,4.9324,4.7884,4.9183,4.9408,650.43,649.71,650.16,649.08,9.4266,0.75133,29.022,22.915,-34.974
2219-10-10T03:20:00Z,4.9019,4.7853,4.9048,4.9166,649.35,650.16,650.34,649.89,9.4023,0.75133,29.146,22.986,-35.527
2219-10-10T03:30:00Z,4.9318,4.7785,4.9114,4.9157,649.62,649.44,651.33,650.61,9.5538,0.75133,29.121,23.118,-33.826
2219-10-10T03:40:00Z,4.9018,4.7666,4.9049,4.9285,649.35,649.89,649.53,650.16,9.4654,0.75133,29.155,23.784,-33.69
2219-10-10T03:50:00Z,4.9356,4.7903,4.9192,4.9186,649.62,650.88,650.25,649.8,9.54,0.75133,29.179,24.114,-33.7
2219-10-10T04:00:00Z,4.8992,4.7752,4.9327,4.9458,650.16,650.61,649.35,649.53,9.5091,0.75133,29.136,24.222,-32.906
2219-10-10T04:10:00Z,4.9283,4.7827,4.9525,4.9332,650.16,650.79,649.62,649.8,9.5658,0.70303,29.191,25.036,-32.936
2219-10-10T04:20:00Z,4.9325,4.7514,4.9554,4.8753,648.99,649.71,649.89,650.25,9.5456,0.70303,29.079,25.292,-34.038
2219-10-10T04:30:00Z,4.9251,4.7874,4.8993,4.9643,649.26,650.7,650.97,650.07,9.5753,0.70303,29.041,25.314,-34.658
2219-10-10T04:40:00Z,4.9172,4.7938,4.9269,4.9505,650.61,650.16,649.26,650.43,9.4727,0.70303,29.073,25.026,-34.12
2219-10-10T04:50:00Z,4.9439,4.7373,4.9529,4.9378,649.89,650.52,650.34,649.71,9.4046,0.70303,28.975,24.491,-33.224
2219-10-10T05:00:00Z,4.8928,4.8065,4.9391,4.942,650.43,649.71,650.43,649.08,9.4106,0.70303,28.976,24.037,-32.514
2219-10-10T05:10:00Z,4.8787,4.753,4.8966,4.913,649.98,650.97,650.34,650.43,9.4258,0.75997,28.926,23.697,-32.32
2219-10-10T05:20:00Z,4.9461,4.7889,4.9093,4.9235,649.62,650.43,650.34,651.33,9.3734,0.75997,28.911,23.282,-32.231
2219-10-10T05:30:00Z,4.9055,4.7828,4.9207,4.9209,650.97,650.25,650.52,649.98,9.347,0.75997,28.997,23.059,-30.167
2219-10-10T05:40:00Z,4.9088,4.8179,4.9238,4.9088,650.43,649.71,649.71,649.71,9.4216,0.75997,28.955,23.409,-30.225
2219-10-10T05:50:00Z,4.89,4.7863,4.9055,4.902,649.44,650.79,650.07,650.7,9.4449,0.75997,28.976,23.094,-29.7
2219-10-10T06:00:00Z,4.9478,4.7756,4.9385,4.9025,650.61,650.07,650.52,650.43,9.4269,0.75997,29.013,23.474,-29.132
2219-10-10T06:10:00Z,4.9086,4.7864,4.9052,4.9428,650.25,650.25,649.44,650.52,9.4644,0.7197,28.89,22.965,-27.843
2219-10-10T06:20:00Z,4.9436,4.7838,4.8837,4.9322,650.25,650.16,650.61,649.62,9.523,0.7197,29.156,22.951,-29.201
2219-10-10T06:30:00Z,4.9245,4.7847,4.8791,4.892,649.44,650.25,650.61,650.25,9.5437,0.7197,29.069,22.744,-28.769
2219-10-10T06:40:00Z,4.8867,4.7899,4.9251,4.9272,650.79,650.07,649.8,650.16,9.5816,0.7197,29.119,21.967,-28.093
2219-10-10T06:50:00Z,4.9547,4.7773,4.9094,4.8912,649.8,650.61,650.88,650.79,9.5203,0.7197,28.912,22.362,-27.514
2219-10-10T07:00:00Z,4.8893,4.7625,4.9366,4.9558,650.52,650.25,649.98,650.16,9.5065,0.7197,29.044,23.165,-27.737
2219-10-10T07:10:00Z,4.9205,4.7906,4.9001,4.9159,649.8,650.34,650.25,649.98,9.4932,0.72856,29.03,23.712,-28.607
2219-10-10T07:20:00Z,4.9333,4.7837,4.92,4.918,650.16,649.98,650.07,650.07,9.3388,0.72856,28.768,24.056,-29.198
2219-10-10T07:30:00Z,4.9134,4.761,4.9214,4.9191,649.8,649.89,650.25,650.79,8.9386,0.72856,28.375,24.325,-29.194
2219-10-10T07:40:00Z,4.9126,4.7503,4.9402,4.9373,650.7,651.33,650.07,649.71,8.3993,0.72856,27.779,24.113,-29.613
2219-10-10T07:50:00Z,4.924,4.7869,4.8995,4.9041,649.17,650.25,650.07,648.81,7.8318,0.72856,27.315,24.629,-28.244
2219-10-10T08:00:00Z,4.9166,4.7999,4.913,4.9341,650.52,650.34,650.52,650.7,7.268,0.72856,26.633,24.535,-29.5
2219-10-10T08:10:00Z,4.9044,4.7465,4.9351,4.9103,650.97,650.07,648.27,649.53,6.8442,0.74041,26.134,24.214,-30.61
2219-10-10T08:20:00Z,4.8937,4.8147,4.9091,4.9364,649.89,650.07,650.7,650.43,6.3139,0.74041,25.647,23.589,-31.655
2219-10-10T08:30:00Z,4.9095,4.7683,4.882,4.8818,650.34,650.7,650.34,649.53,5.7049,0.74041,25.101,23.204,-33.611
2219-10-10T08:40:00Z,4.9041,4.6958,4.9291,4.9307,649.62,650.34,649.71,649.89,5.154,0.74041,24.554,23.546,-34.076
2219-10-10T08:50:00Z,4.9346,4.7899,4.9156,4.9631,649.8,649.8,649.53,649.89,4.6674,0.74041,24.072,24.962,-35.221
2219-10-10T09:00:00Z,4.9111,4.7838,4.8841,4.906,649.89,649.44,649.98,650.16,4.2149,0.74041,23.627,24.935,-37.29
2219-10-10T09:10:00Z,4.9015,4.7549,4.9348,4.9014,649.71,649.98,649.8,649.71,3.6521,0.75024,23.063,24.036,-38.32
2219-10-10T09:20:00Z,4.8804,4.7519,4.8969,4.911,649.44,649.98,650.7,649.98,3.081,0.75024,22.56,24.195,-39.475
2219-10-10T09:30:00Z,4.8955,4.8089,4.9548,4.9138,650.43,649.98,649.98,650.16,2.636,0.75024,21.978,23.86,-40.629
2219-10-10T09:40:00Z,4.897,4.8063,4.9078,4.9571,650.79,650.25,649.8,650.34,2.0907,0.75024,21.526,23.706,-42.019
2219-10-10T09:50:00Z,4.8863,4.7659,4.9204,4.9282,650.34,650.16,650.52,649.8,1.5911,0.75024,21.032,23.757,-43.673
2219-10-10T10:00:00Z,4.8926,4.8051,4.9088,4.8934,650.07,649.26,649.53,649.89,1.0983,0.75024,20.471,23.436,-46.144
2219-10-10T10:10:00Z,4.9233,4.7958,4.9152,4.9494,650.07,649.89,650.43,650.07,0.51419,0.73774,19.966,22.719,-47.912
2219-10-10T10:20:00Z,4.9179,4.7529,4.9496,4.9333,649.62,650.34,649.08,649.62,0.093694,0.73774,19.525,21.811,-49.976
2219-10-10T10:30:00Z,4.9082,4.7812,4.9216,4.9488,650.34,649.62,650.34,649.89,-0.022723,0.73774,19.52,21.494,-52.48
2219-10-10T10:40:00Z,4.9217,4.8055,4.9717,4.9476,650.16,649.62,649.35,650.16,0.021998,0.73774,19.498,22.041,-53.114
2219-10-10T10:50:00Z,4.966,4.7703,4.8778,4.8942,649.44,650.43,650.52,650.25,0.035812,0.73774,19.572,21.952,-56.062
2219-10-10T11:00:00Z,4.8888,4.7777,4.8985,4.931,650.34,649.17,650.52,649.62,-0.023477,0.73774,19.54,21.338,-58.037
2219-10-10T11:10:00Z,4.9147,4.7933,4.8984,4.9334,649.44,649.44,650.52,649.8,-0.00087746,0.73802,19.527,21.261,-58.693
2219-10-10T11:20:00Z,4.9514,4.8242,4.9156,4.9753,650.52,649.26,650.34,649.53,-0.036774,0.73802,19.498,21.578,-59.585
2219-10-10T11:30:00Z,4.9535,4.7744,4.9332,4.937,649.62,650.07,649.71,649.62,-0.015155,0.73802,19.461,22.096,-61.121
2219-10-10T11:40:00Z,4.9284,4.8417,4.9409,4.9012,649.53,650.16,649.62,650.34,-0.064738,0.73802,19.539,22.379,-61.483
2219-10-10T11:50:00Z,4.9398,4.813,4.9179,4.8998,649.98,648.54,650.07,650.25,-0.038137,0.73802,19.653,22.373,-62.948
2219-10-10T12:00:00Z,4.9014,4.8098,4.9246,4.9195,649.71,649.17,650.16,650.16,0.011909,0.73802,19.657,22.077,-64.577
2219-10-10T12:10:00Z,4.9476,4.8076,4.9426,4.9547,649.53,649.26,649.62,649.71,0.0046487,0.76229,19.608,22.461,-66.64
2219-10-10T12:20:00Z,4.9337,4.8052,4.9516,4.9755,649.89,650.25,649.98,649.62,-0.03871,0.76229,19.668,23.474,-68.834
2219-10-10T12:30:00Z,4.8879,4.8032,4.936,4.8946,650.07,649.44,649.62,650.43,0.0325,0.76229,19.582,22.776,-69.23
2219-10-10T12:40:00Z,4.9573,4.8421,4.9638,4.9181,649.08,649.44,649.8,649.35,-0.012011,0.76229,19.665,22.861,-71.197
2219-10-10T12:50:00Z,4.9554,4.8299,4.9469,4.9273,649.53,649.08,650.25,649.8,-0.0079704,0.76229,19.64,22.899,-71.46
2219-10-10T13:00:00Z,4.9462,4.779,4.9623,4.9369,649.89,650.52,649.44,650.34,-0.012548,0.76229,19.711,22.299,-72.643
2219-10-10T13:10:00Z,4.9344,4.8014,4.9188,4.9263,648.81,650.34,651.15,649.98,0.046014,0.78146,19.636,23.331,-72.837
2219-10-10T13:20:00Z,4.9512,4.799,4.9369,4.9505,650.52,649.44,649.71,650.52,-0.024834,0.78146,19.67,23.584,-73.494
