time,FT-301,TT-302,TT-304,AT-302,FT-307,JI-310,AT-303,AIC-303.out,AT-306,PT-305
2219-09-20T00:00:00Z,2304.8,799.8,416.48,0.475,392.9,4523.1,20.76,47.788,985,101.09
2219-09-20T00:10:00Z,2282,800.3,418.24,0.475,392.34,4526.8,20.73,48.726,1040,101.18
2219-09-20T00:20:00Z,2332.8,800,415.84,0.47,392,4575.7,20.88,45.452,915,101.01
2219-09-20T00:30:00Z,2289,800.6,416.88,0.47,395.42,4561.3,20.81,47.216,905,101.04
2219-09-20T00:40:00Z,2290.8,800,411.76,0.46,392.12,4549.3,20.7,49.99,890,100.98
2219-09-20T00:50:00Z,2306.5,799.1,408.88,0.475,396.28,4491.6,20.71,50.043,1030,101.21
2219-09-20T01:00:00Z,2322.2,800.3,412.32,0.46,390.07,4533.2,20.93,45.139,1030,100.91
2219-09-20T01:10:00Z,2306.5,799.7,412.56,0.47,392.52,4555.6,20.97,44.264,1035,101.01
2219-09-20T01:20:00Z,2271.5,800,410.4,0.47,394.02,4500.1,20.88,46.413,995,101.01
2219-09-20T01:30:00Z,2315.2,799.6,410.24,0.465,390.62,4511.4,20.79,48.649,910,101.03
2219-09-20T01:40:00Z,2289,799.7,416.56,0.475,399.75,4546.3,20.83,47.909,945,100.98
2219-09-20T01:50:00Z,2282,800.2,417.36,0.47,394.08,4522.3,20.98,44.538,995,100.89
2219-09-20T02:00:00Z,2303,800.4,419.6,0.46,395.46,4566.3,21.18,39.846,960,101.09
2219-09-20T02:10:00Z,2325.8,801.5,417.04,0.475,395,4545.8,21.03,43.207,840,101.04
2219-09-20T02:20:00Z,2297.8,800,416.48,0.47,397.47,4580.9,21.07,42.236,805,101
2219-09-20T02:30:00Z,2332.8,800.2,418.16,0.465,397.34,4534.7,20.96,44.76,905,101.15
2219-09-20T02:40:00Z,2334.5,799.8,416.08,0.465,394.83,4564,21,43.856,930,100.94
2219-09-20T02:50:00Z,2325.8,799.8,412.56,0.46,386.35,4571.4,21.01,43.62,865,100.97
2219-09-20T03:00:00Z,2301.2,799.1,412.32,0.475,392.86,4549.7,21.16,40.077,925,100.98
2219-09-20T03:10:00Z,2311.8,800.2,412.08,0.47,391.09,4558.4,21,43.692,890,100.95
2219-09-20T03:20:00Z,2301.2,800.1,414.48,0.47,395.96,4531.4,21.29,36.861,965,100.86
2219-09-20T03:30:00Z,2289,800.1,415.36,0.475,394.41,4529.4,21.23,37.995,980,100.98
2219-09-20T03:40:00Z,2290.8,799.7,414.24,0.465,397.67,4514.8,21.16,39.423,1025,101.16
2219-09-20T03:50:00Z,2296,800,418.88,0.475,392.31,4577.3,21.3,35.971,865,101.07
2219-09-20T04:00:00Z,2280.2,801.1,419.28,0.475,397.73,4583.5,21.29,35.918,910,101.07
2219-09-20T04:10:00Z,2257.5,800,418.56,0.465,390.4,4503.5,21.21,37.524,875,101.07
2219-09-20T04:20:00Z,2318.8,800.6,420.32,0.465,399.39,4573.5,21.24,36.615,775,100.89
2219-09-20T04:30:00Z,2283.8,800.2,420.96,0.475,391.56,4505.1,21.21,37.091,830,101.07
2219-09-20T04:40:00Z,2322.2,800.1,418.24,0.465,392.22,4567.2,21.36,33.356,680,101.15
2219-09-20T04:50:00Z,2278.5,800.5,422.72,0.485,389.56,4524.7,21.12,38.663,810,101.09
2219-09-20T05:00:00Z,2297.8,799.1,419.2,0.47,392.14,4499.6,21.34,33.365,655,101.13
2219-09-20T05:10:00Z,2308.2,799.9,413.6,0.47,393.54,4568.3,21.18,36.808,675,101.01
2219-09-20T05:20:00Z,2299.5,799.9,407.6,0.48,387.92,4532.1,21.27,34.514,655,100.97
2219-09-20T05:30:00Z,2273.2,798.3,406.32,0.47,393.4,4554.2,21.19,36.139,595,100.91
2219-09-20T05:40:00Z,2318.8,799.7,411.52,0.465,392.59,4534.4,21.13,37.37,660,101
2219-09-20T05:50:00Z,2283.8,800.7,413.44,0.48,397.95,4549.1,21.34,32.298,745,100.92
2219-09-20T06:00:00Z,2304.8,799.8,411.44,0.475,391.45,4540.4,21.28,33.385,700,100.97
2219-09-20T06:10:00Z,2266.2,800.3,410.8,0.47,389.21,4543,21.19,35.236,700,100.94
2219-09-20T06:20:00Z,2306.5,799.9,414.96,0.48,385.51,4563.6,21.06,38.115,660,100.74
2219-09-20T06:30:00Z,2285.5,800.7,412,0.475,395.01,4527.3,21.21,34.524,610,100.91
2219-09-20T06:40:00Z,2301.2,799.2,409.84,0.475,390.38,4536.8,21.19,34.793,575,100.97
2219-09-20T06:50:00Z,2294.2,799.2,409.2,0.465,396.49,4515.6,21.14,35.788,735,100.86
2219-09-20T07:00:00Z,2303,798.4,405.36,0.465,392.49,4535.4,21.27,32.591,680,100.71
2219-09-20T07:10:00Z,2317,799.6,409.12,0.47,389.66,4548.1,21.1,36.337,590,100.83
2219-09-20T07:20:00Z,2285.5,800.3,412.48,0.47,392.91,4556.6,20.96,39.538,745,100.83
2219-09-20T07:30:00Z,2324,800.5,414.24,0.46,395.29,4563.9,20.99,38.87,735,100.91
2219-09-20T07:40:00Z,2327.5,800.3,414.96,0.48,390.66,4540,21.16,34.875,780,100.91
2219-09-20T07:50:00Z,2259.2,799.7,412.56,0.47,394,4523.8,21.16,34.721,810,100.74
2219-09-20T08:00:00Z,2315.2,799.9,413.36,0.475,392.83,4504.2,21.13,35.274,605,100.97
2219-09-20T08:10:00Z,2289,800.5,411.68,0.465,394.39,4566.4,21.14,34.913,760,100.89
2219-09-20T08:20:00Z,2299.5,799.7,412.72,0.465,391.72,4548,21.14,34.779,855,100.95
2219-09-20T08:30:00Z,2311.8,800.8,414.8,0.475,394.91,4521,21.09,35.822,845,100.83
2219-09-20T08:40:00Z,2343.2,800.3,413.12,0.47,391.91,4537.8,21.27,31.495,800,100.97
2219-09-20T08:50:00Z,2290.8,799.7,410.56,0.475,392.54,4538.2,21.15,34.063,810,101.01
2219-09-20T09:00:00Z,2317,799.7,408.24,0.47,391.22,4568,21.26,31.327,785,101.1
2219-09-20T09:10:00Z,2324,799.3,411.68,0.47,392.67,4553.4,21.33,29.428,830,101.07
2219-09-20T09:20:00Z,2311.8,799.8,408.24,0.47,396.29,4552.9,21.26,30.76,825,101.12
2219-09-20T09:30:00Z,2275,798.6,408.08,0.465,393.56,4568,20.98,37.106,875,101.19
2219-09-20T09:40:00Z,2289,800.2,415.76,0.465,390.48,4515,21.19,32.178,790,101.16
2219-09-20T09:50:00Z,2278.5,801.1,420.24,0.47,393.26,4506.7,21.26,30.346,915,101.27
2219-09-20T10:00:00Z,2317,801.4,422.08,0.475,397.4,4553.9,21.25,30.332,775,101.34
2219-09-20T10:10:00Z,2322.2,801.4,418.32,0.47,395.58,4561.5,21.2,31.269,800,101.24
2219-09-20T10:20:00Z,2254,800.4,415.12,0.475,390.68,4534.4,21.29,28.957,850,101.22
2219-09-20T10:30:00Z,2296,799.5,418.64,0.465,392.47,4549.6,21,35.51,805,101.31
2219-09-20T10:40:00Z,2255.8,800.2,422.48,0.475,391.96,4517.4,20.98,35.981,815,101.24
2219-09-20T10:50:00Z,2318.8,801,425.44,0.47,391.42,4577.4,21.18,31.288,850,101.36
2219-09-20T11:00:00Z,2283.8,800.4,420,0.465,398.46,4528.7,21.07,33.707,930,101.46
2219-09-20T11:10:00Z,2290.8,799.7,419.84,0.475,392.28,4524.5,20.88,38.115,880,101.33
2219-09-20T11:20:00Z,2282,800.4,424.16,0.47,395.03,4519.8,21.04,34.462,860,101.37
2219-09-20T11:30:00Z,2290.8,801.1,427.68,0.475,391.39,4585,21.04,34.423,815,101.33
2219-09-20T11:40:00Z,2285.5,800.7,430.64,0.47,392.78,4559.5,20.86,38.625,820,101.19
2219-09-20T11:50:00Z,2331,800.8,430.4,0.475,395.51,4522.5,20.97,36.168,715,101.36
2219-09-20T12:00:00Z,2243.5,800.7,428.72,0.47,394.99,4519.2,20.9,37.846,805,101.13
2219-09-20T12:10:00Z,2308.2,800.5,429.84,0.46,397.59,4554.8,20.84,39.356,745,101.16
2219-09-20T12:20:00Z,2304.8,800.1,432.72,0.475,390.4,4579.1,20.73,42.101,795,101.18
2219-09-20T12:30:00Z,2285.5,800.9,431.36,0.48,395.86,4543.7,20.7,43.067,845,101.24
2219-09-20T12:40:00Z,2311.8,799.4,429.36,0.47,395.25,4546,20.67,44.063,815,101.06
2219-09-20T12:50:00Z,2294.2,799.7,426.48,0.475,391.18,4522.3,20.48,48.856,895,101.13
2219-09-20T13:00:00Z,2301.2,800,430,0.465,390.26,4552.2,20.85,40.639,705,101.19
2219-09-20T13:10:00Z,2292.5,800.2,433.68,0.47,392.82,4530.3,20.73,43.611,715,101.16
2219-09-20T13:20:00Z,2303,801,434.4,0.47,391.8,4555,20.76,43.163,715,101.01
2219-09-20T13:30:00Z,2311.8,799.9,432.72,0.47,392.27,4521.6,20.47,50.226,720,100.94
2219-09-20T13:40:00Z,2331,800,427.36,0.465,394.82,4567.3,20.67,46.024,685,100.89
2219-09-20T13:50:00Z,2278.5,800,430.64,0.465,391.39,4561.6,20.63,47.284,735,101.04
2219-09-20T14:00:00Z,2287.2,799.1,423.2,0.47,392.51,4512.1,20.76,44.577,720,101.3
2219-09-20T14:10:00Z,2318.8,799.3,425.76,0.475,392.99,4540.5,20.75,45.043,780,101.19
2219-09-20T14:20:00Z,2280.2,798.9,425.76,0.47,389.02,4493.9,20.73,45.755,905,101.15
2219-09-20T14:30:00Z,2306.5,799.1,427.12,0.48,387.93,4521.5,20.55,50.255,810,101.19
2219-09-20T14:40:00Z,2318.8,800.1,430.56,0.485,396.54,4557.1,20.52,51.394,765,101.07
2219-09-20T14:50:00Z,2292.5,800.7,431.36,0.47,397.36,4515.2,20.81,45.024,825,101.19
2219-09-20T15:00:00Z,2275,800.3,430.24,0.47,395.02,4508.6,20.58,50.625,885,101.24
2219-09-20T15:10:00Z,2296,799.5,431.36,0.475,395.15,4476.1,20.84,44.904,895,101.19
2219-09-20T15:20:00Z,2269.8,800.1,432,0.47,391.75,4490,20.62,50.24,895,101.33
2219-09-20T15:30:00Z,2268,801,435.28,0.465,398.18,4513.7,20.97,42.361,870,101.28
2219-09-20T15:40:00Z,2287.2,800.1,431.2,0.47,399,4543.9,21.07,40.034,685,101.34
2219-09-20T15:50:00Z,2325.8,799.2,428.08,0.47,394.58,4557.6,21.2,36.904,735,101.54
2219-09-20T16:00:00Z,2329.2,798.7,424.56,0.455,391.95,4544.6,20.87,44.486,825,101.34
2219-09-20T16:10:00Z,2287.2,799,424.88,0.48,391.64,4526.2,20.9,43.904,730,101.39
2219-09-20T16:20:00Z,2313.5,799,424.88,0.47,393.14,4584,21.01,41.409,740,101.4
2219-09-20T16:30:00Z,2282,800.5,425.52,0.465,391.74,4526.5,20.98,42.106,655,101.33
2219-09-20T16:40:00Z,2299.5,799.8,421.84,0.47,394.71,4531.5,21.01,41.418,735,101.13
2219-09-20T16:50:00Z,2283.8,800,420.32,0.47,395.29,4557.2,20.98,42.115,510,101.16
2219-09-20T17:00:00Z,2303,799.6,423.76,0.47,395.52,4516,21.03,40.957,700,101.13
2219-09-20T17:10:00Z,2280.2,800.4,426.8,0.475,395.75,4505.2,21.12,38.808,640,101.13
2219-09-20T17:20:00Z,2346.8,800.5,423.84,0.475,396.81,4540.3,21,41.519,615,101.09
2219-09-20T17:30:00Z,2332.8,799.9,428.16,0.47,393.47,4522.3,21.26,35.394,620,101.13
2219-09-20T17:40:00Z,2320.5,800.8,429.12,0.465,392.74,4538.5,21.14,37.971,620,101.21
2219-09-20T17:50:00Z,2294.2,799.8,425.76,0.47,392.81,4527.3,21.05,39.957,750,101.19
2219-09-20T18:00:00Z,2287.2,800.4,433.92,0.48,394.67,4549.4,20.86,44.385,680,101.1
2219-09-20T18:10:00Z,2259.2,799.5,434,0.47,391.21,4533.5,21.07,39.572,685,100.97
2219-09-20T18:20:00Z,2315.2,800.3,439.44,0.475,397.05,4550.9,20.89,43.745,630,101.04
2219-09-20T18:30:00Z,2325.8,801,443.28,0.47,392.51,4599.6,20.96,42.202,635,101.1
2219-09-20T18:40:00Z,2325.8,801.4,438.56,0.465,389.05,4623.9,20.93,42.947,675,101.03
2219-09-20T18:50:00Z,2294.2,801.1,441.12,0.48,393.63,4576.7,21.06,39.952,635,101.18
2219-09-20T19:00:00Z,2306.5,799.7,439.12,0.475,394.07,4554.9,21.18,37.067,660,101.13
2219-09-20T19:10:00Z,2311.8,799.7,435.84,0.47,395.36,4584.3,21.2,36.423,595,101.13
2219-09-20T19:20:00Z,2318.8,800,434.48,0.47,393.4,4544.6,21.09,38.822,750,101.1
2219-09-20T19:30:00Z,2266.2,799.5,434.4,0.475,390.77,4489,21.09,38.736,600,101.21
2219-09-20T19:40:00Z,2332.8,800.3,433.52,0.47,391.95,4561.2,21.25,34.88,735,101.1
2219-09-20T19:50:00Z,2313.5,798.8,433.6,0.47,390.93,4534.2,21.09,38.409,665,101.01
2219-09-20T20:00:00Z,2280.2,799.5,436.4,0.465,391.48,4501.2,21.27,34.082,675,101.13
2219-09-20T20:10:00Z,2266.2,800,429.28,0.47,391.98,4529.1,21.29,33.351,655,101.25
2219-09-20T20:20:00Z,2280.2,798.7,425.28,0.46,390.14,4513.9,21.43,29.774,665,101.19
2219-09-20T20:30:00Z,2283.8,798.6,429.84,0.47,385.53,4530.1,21.26,33.365,705,101.12
2219-09-20T20:40:00Z,2269.8,799.1,430.8,0.47,387.04,4517.1,21.25,33.351,600,101.24
2219-09-20T20:50:00Z,2275,799.9,432.32,0.46,391.5,4525.9,21.51,26.986,585,101.03
2219-09-20T21:00:00Z,2255.8,800.1,430.88,0.465,394.32,4485.8,21.38,29.558,545,101.07
2219-09-20T21:10:00Z,2313.5,799.8,423.2,0.47,393.63,4558.9,21.02,37.673,680,101.06
2219-09-20T21:20:00Z,2283.8,800.4,422,0.47,388.74,4513.1,21.21,33.178,720,100.97
2219-09-20T21:30:00Z,2285.5,800,427.6,0.465,392.34,4532.2,21.15,34.389,655,101.01
2219-09-20T21:40:00Z,2303,799.5,426.08,0.47,393.27,4566.8,21.28,31.183,705,100.89
2219-09-20T21:50:00Z,2294.2,800,427.2,0.47,392.62,4499,21.38,28.558,600,100.91
2219-09-20T22:00:00Z,2283.8,801,427.44,0.47,387.6,4500.7,21.17,33.139,660,100.85
2219-09-20T22:10:00Z,2334.5,800.7,428.16,0.475,387.53,4579.1,21.29,30.149,630,100.8
2219-09-20T22:20:00Z,2296,799.5,427.04,0.47,390.7,4524.6,21.24,31.048,590,100.82
2219-09-20T22:30:00Z,2318.8,800.3,423.2,0.465,387.18,4547.3,21.06,35.058,615,100.91
2219-09-20T22:40:00Z,2306.5,799.8,424.64,0.47,394.08,4527.5,21.12,33.587,670,101.06
2219-09-20T22:50:00Z,2331,798.9,424.56,0.47,394.78,4513.7,21.1,33.942,725,100.98
2219-09-20T23:00:00Z,2287.2,799.2,425.2,0.46,391.57,4512,21.02,35.731,630,101.06
2219-09-20T23:10:00Z,2311.8,799.9,425.84,0.47,400.51,4569.1,20.92,38.067,740,100.83
2219-09-20T23:20:00Z,2280.2,799.3,424.48,0.47,388.4,4521.5,20.98,36.731,725,101.1
2219-09-20T23:30:00Z,2289,799.4,426.24,0.47,397.39,4531.4,20.89,38.87,620,101.03
2219-09-20T23:40:00Z,2318.8,800.4,425.36,0.47,391.98,4573.8,20.84,40.154,640,101
2219-09-20T23:50:00Z,2289,800,427.76,0.47,391.77,4533.2,20.79,41.486,675,100.98
