msd,JI-201,JI-202,JI-203,JI-204,TT-201,TT-202,TT-203,TT-204,JI-205,AT-205,JI-210,JI-211,TT-200,n
122875,4.9075,4.91,4.9132,4.9261,650.4,650.16,650.36,649.98,9.8965,0.60251,29.531,22.357,-19.008,8
122876,4.9279,4.9296,4.9284,4.9311,649.94,649.96,649.92,649.95,5.2089,0.4948,24.907,25.163,-41.876,148
122877,4.9422,4.9425,4.943,4.9447,650.02,650.04,650.08,649.96,6.5079,0.40095,26.277,23.967,-42.72,148
122878,4.9538,4.955,4.9515,4.9517,650.06,650.04,650.05,650.06,6.6495,0.29062,26.463,23.89,-48.934,148
122879,4.9627,4.965,4.9623,4.9652,649.97,649.95,649.97,649.94,4.4626,0.23004,24.324,24.394,-59.826,148
122880,4.9549,4.9563,4.9572,4.9554,649.99,649.93,649.91,649.92,4.3066,0.15581,24.134,22.589,-58.544,148
122881,4.9472,4.9478,4.9465,4.9453,649.99,650,650.07,650,5.5088,0.19823,25.273,23.77,-50.667,148
122882,4.9571,4.9544,4.9556,4.9562,649.98,650.06,650.01,649.97,6.6655,0.3173,26.486,23.066,-51.86,148
122883,4.9619,4.9626,4.9595,4.9573,650.08,650.03,650.02,650.09,6.3446,0.44974,26.192,23.611,-54.039,148
122884,4.9665,4.9683,4.9682,4.9686,649.92,649.98,649.96,649.91,4.2033,0.50377,24.079,22.664,-63.869,148
122885,4.9604,4.9637,4.9594,4.9625,649.96,649.92,649.99,649.96,3.9762,0.41544,23.821,23.566,-62.07,148
122886,4.9469,4.9493,4.9462,4.9476,649.99,649.95,650.01,650,4.9519,0.30599,24.72,25.234,-51.081,148
122887,4.9387,4.9367,4.9335,4.9369,650.07,650.01,650.01,650.03,6.6188,0.38304,26.361,24.469,-40.295,147
122888,4.9421,4.9396,4.9348,4.9414,650.02,650,650.04,650.14,6.7375,0.33439,26.495,23.685,-42.059,148
122889,4.9537,4.9558,4.9531,4.9543,649.93,649.93,650.04,650.05,4.7215,0.28602,24.557,24.332,-56.077,148
122890,4.9514,4.9523,4.9534,4.9495,649.91,649.92,649.92,649.93,4.1717,0.28285,23.973,23.995,-55.759,148
122891,4.9479,4.9456,4.9476,4.9474,649.98,650,650.01,649.95,4.5874,0.38802,24.358,23.41,-55.005,148
122892,4.9498,4.949,4.951,4.9501,650.02,650,649.97,650.01,6.6404,0.36848,26.453,23.681,-52.028,148
122893,4.9604,4.9602,4.9569,4.9602,650.07,650.07,650.11,650.14,6.4495,0.41578,26.287,23.653,-55.734,148
122894,4.9677,4.9665,4.9651,4.9653,649.97,650.01,649.97,650.05,4.6308,0.53342,24.507,23.114,-64.973,148
122895,4.9696,4.9691,4.9733,4.9723,649.97,649.96,649.9,649.96,3.7748,0.5674,23.652,24.663,-69.688,148
122896,4.9609,4.9624,4.9658,4.9675,649.91,649.93,649.93,649.95,4.0253,0.64086,23.871,23.856,-66.477,148
122897,4.9552,4.952,4.9544,4.957,650.04,650.02,650.08,650.02,5.9986,0.62496,25.813,23.876,-55.561,148
122898,4.9474,4.9476,4.9454,4.9429,650.11,650.04,650.11,650.06,6.2695,0.54248,26.051,23.255,-47.728,148
122899,4.9505,4.9511,4.9485,4.952,650.02,650.08,650.02,650.02,5.215,0.39966,25.037,23.355,-54.37,148
122900,4.9475,4.9483,4.9494,4.9463,649.98,649.96,649.89,650.02,3.9949,0.38857,23.782,22.888,-54.945,148
122901,4.9498,4.9483,4.953,4.9497,649.87,650,650,649.99,4.0432,0.49396,23.843,22.51,-60.03,148
122902,4.9578,4.9071,4.9564,4.9551,650,650.21,649.96,649.94,6.1665,0.52577,25.931,24.269,-58.208,148
122903,4.9554,4.8165,4.9544,4.9572,650.05,650.11,650.07,650.05,6.2127,0.56966,25.919,24.117,-54.936,148
122904,4.9593,4.8235,4.9572,4.9575,650.01,649.98,649.96,650.01,4.9312,0.68245,24.644,24.204,-58.78,148
122905,4.9599,4.8299,4.9657,4.9635,649.94,649.98,649.95,649.94,3.7112,0.6774,23.425,24.101,-65.854,148
122906,4.9552,4.8214,4.9548,4.9552,649.92,649.93,649.99,649.89,3.7898,0.63253,23.469,23.981,-64.045,148
122907,4.9441,4.8102,4.9481,4.9459,650.02,650.01,649.96,650.05,5.7921,0.59347,25.424,23.898,-49.837,148
122908,4.9422,4.8062,4.9451,4.9392,650.05,650.03,650.02,650.04,6.579,0.41706,26.204,24.105,-46.268,148
122909,4.9426,4.8088,4.9434,4.9445,650.01,650.08,649.98,650.02,5.9198,0.29229,25.572,25.248,-48.02,148
122910,4.9422,4.8095,4.9443,4.9451,649.97,649.94,649.94,649.97,3.9069,0.44523,23.539,23.87,-54.363,148
122911,4.9433,4.811,4.9441,4.9453,649.95,650.01,649.96,649.95,3.9218,0.45669,23.561,23.035,-58.62,147
122912,4.9439,4.8091,4.9452,4.9439,649.96,649.96,650.01,649.94,5.6125,0.69328,25.245,24.415,-52.06,148
122913,4.9478,4.8121,4.9493,4.9502,650.04,650.04,650.08,650.05,5.8226,0.79158,25.485,23.524,-53.694,148
