time,TT-601,TT-604,FT-602,JI-607,LT-603,FT-606,AT-605
2219-09-04T00:00:00Z,84.9,6.146,30.21,2.7672,49.9,18.678,220
2219-09-04T00:10:00Z,85.035,6.237,29.43,2.7432,49.9,20.643,220
2219-09-04T00:20:00Z,85.185,6.426,29.64,2.6996,49.7,19.317,220
2219-09-04T00:30:00Z,85.08,6.706,29.97,2.6935,49.9,18.068,220
2219-09-04T00:40:00Z,85.05,6.783,29.97,2.7153,50.1,19.153,220
2219-09-04T00:50:00Z,85.14,7.014,30.72,2.7452,49.8,20.56,220
2219-09-04T01:00:00Z,84.99,6.93,30.12,2.7404,49.9,18.9,270
2219-09-04T01:10:00Z,84.99,6.72,30.12,2.7232,49.8,17.964,270
2219-09-04T01:20:00Z,85.005,6.944,29.28,2.6619,49.9,20.297,270
2219-09-04T01:30:00Z,85.02,6.986,30,2.7325,50.2,17.917,270
2219-09-04T01:40:00Z,85.14,7.231,30.33,2.7542,49.9,18.746,270
2219-09-04T01:50:00Z,85.05,7.343,30.36,2.7448,50.2,19.028,270
2219-09-04T02:00:00Z,85.065,7.497,30.87,2.7081,49.7,19.611,270
2219-09-04T02:10:00Z,85.02,7.35,30.33,2.6812,49.9,19.766,270
2219-09-04T02:20:00Z,85.125,7.714,30.24,2.6929,50.1,20.498,270
2219-09-04T02:30:00Z,85.275,8.47,29.82,2.6732,50.3,20.03,270
2219-09-04T02:40:00Z,85.335,8.869,29.76,2.7102,50.2,20.07,270
2219-09-04T02:50:00Z,85.035,8.631,29.7,2.6857,49.9,20.152,270
2219-09-04T03:00:00Z,84.84,7.798,29.13,2.6809,49.8,21.614,270
2219-09-04T03:10:00Z,84.9,7.882,30.36,2.6791,50.3,18.905,270
2219-09-04T03:20:00Z,84.9,7.399,29.31,2.6812,49.9,17.382,270
2219-09-04T03:30:00Z,84.93,7.525,29.73,2.6444,50,19.793,270
2219-09-04T03:40:00Z,84.975,7.42,29.67,2.6814,50.2,17.65,270
2219-09-04T03:50:00Z,84.945,7.973,29.49,2.6819,49.9,20.008,270
2219-09-04T04:00:00Z,85.2,8.015,29.85,2.6773,49.6,19.121,270
2219-09-04T04:10:00Z,85.125,8.323,30.57,2.7365,49.9,20.068,270
2219-09-04T04:20:00Z,85.185,8.484,30.12,2.6633,50.2,19.773,270
2219-09-04T04:30:00Z,85.35,8.89,29.85,2.6834,50.2,20.156,270
2219-09-04T04:40:00Z,85.005,8.883,29.88,2.653,50.3,20.226,270
2219-09-04T04:50:00Z,85.05,9.163,29.7,2.6214,49.7,16.537,270
2219-09-04T05:00:00Z,85.005,8.848,29.82,2.6235,49.9,18.55,230
2219-09-04T05:10:00Z,84.885,8.953,29.52,2.6419,50.1,19.932,230
2219-09-04T05:20:00Z,84.81,8.596,29.97,2.6593,50.1,18.716,230
2219-09-04T05:30:00Z,84.93,8.757,29.94,2.5837,50.2,18.198,230
2219-09-04T05:40:00Z,84.975,8.806,29.91,2.6374,49.8,16.94,230
2219-09-04T05:50:00Z,84.63,7.966,30.36,2.6858,50.1,19.241,230
2219-09-04T06:00:00Z,85.02,8.337,30.12,2.6886,49.7,19.157,230
2219-09-04T06:10:00Z,85.23,8.876,29.58,2.6403,49.8,18.622,230
2219-09-04T06:20:00Z,84.975,8.75,30.72,2.6933,49.9,19.055,230
2219-09-04T06:30:00Z,85.02,8.729,29.31,2.6439,50.1,18.715,230
2219-09-04T06:40:00Z,85.2,9.1,30.39,2.6415,50.2,19.027,230
2219-09-04T06:50:00Z,84.96,8.89,29.76,2.6696,50.3,18.37,230
2219-09-04T07:00:00Z,84.825,8.75,29.22,2.656,50.2,19.048,230
2219-09-04T07:10:00Z,84.885,8.484,30.21,2.6677,50.2,19.97,230
2219-09-04T07:20:00Z,84.99,8.477,29.88,2.6833,49.8,19.909,230
2219-09-04T07:30:00Z,85.2,8.841,30.33,2.6757,50.2,19.661,230
2219-09-04T07:40:00Z,85.065,9.086,30.09,2.6736,50,18.982,230
2219-09-04T07:50:00Z,85.35,9.611,29.4,2.6067,50.1,19.203,230
2219-09-04T08:00:00Z,85.11,9.324,29.85,2.6537,49.9,18.609,230
2219-09-04T08:10:00Z,85.2,9.604,31.05,2.6919,49.9,19.383,230
2219-09-04T08:20:00Z,84.78,9.38,30.54,2.6116,50.2,20.23,230
2219-09-04T08:30:00Z,84.9,9.345,30.24,2.6112,50,19.672,230
2219-09-04T08:40:00Z,84.795,8.904,30.78,2.6818,50.2,18.381,230
2219-09-04T08:50:00Z,84.855,8.687,30.57,2.6405,50.2,19.159,230
2219-09-04T09:00:00Z,84.975,8.911,30.06,2.6756,49.9,19.249,280
2219-09-04T09:10:00Z,84.99,9.142,29.97,2.5809,50.1,18.557,280
2219-09-04T09:20:00Z,85.23,9.366,30.33,2.6829,50,21.134,280
2219-09-04T09:30:00Z,85.14,9.065,29.7,2.5911,49.8,16.913,280
2219-09-04T09:40:00Z,84.765,8.645,30.48,2.6653,50.2,17.89,280
2219-09-04T09:50:00Z,84.675,8.414,30.03,2.6885,49.8,18.61,280
2219-09-04T10:00:00Z,85.185,8.841,29.61,2.5745,49.7,18.292,280
2219-09-04T10:10:00Z,84.93,8.624,30.66,2.7008,50.2,19.143,280
2219-09-04T10:20:00Z,84.675,8.246,29.85,2.6544,50,18.576,280
2219-09-04T10:30:00Z,85.02,8.743,29.73,2.6594,49.6,20.997,280
2219-09-04T10:40:00Z,84.915,8.624,30.3,2.6363,49.8,17.979,280
2219-09-04T10:50:00Z,85.02,8.75,30.39,2.6972,50,18.08,280
2219-09-04T11:00:00Z,85.335,8.939,29.34,2.6375,50,19.665,280
2219-09-04T11:10:00Z,84.75,8.386,30.12,2.6781,50,18.675,280
2219-09-04T11:20:00Z,85.11,9.247,29.22,2.6205,49.8,19.169,280
2219-09-04T11:30:00Z,85.185,9.611,30.3,2.6319,50,17.656,280
2219-09-04T11:40:00Z,85.095,9.716,29.91,2.6359,49.9,19.445,280
2219-09-04T11:50:00Z,85.215,9.975,29.91,2.6465,49.8,19.567,280
2219-09-04T12:00:00Z,84.81,9.695,30.12,2.6605,50.1,18.284,280
2219-09-04T12:10:00Z,84.765,9.156,29.88,2.6549,50.2,16.545,280
2219-09-04T12:20:00Z,84.84,9.177,30.21,2.617,50.4,18.564,280
2219-09-04T12:30:00Z,85.02,9.142,29.37,2.6503,49.5,20.022,280
2219-09-04T12:40:00Z,85.05,9.149,29.91,2.6692,50,20.073,280
2219-09-04T12:50:00Z,84.675,8.309,29.94,2.6617,50.3,22.002,280
2219-09-04T13:00:00Z,84.63,7.525,30.42,2.7259,50.2,18.198,250
2219-09-04T13:10:00Z,84.495,7.28,29.67,2.6386,50.5,18.872,250
2219-09-04T13:20:00Z,85.23,7.875,29.73,2.7165,50,19.716,250
2219-09-04T13:30:00Z,85.035,7.595,29.94,2.6777,50.2,18.3,250
2219-09-04T13:40:00Z,85.11,7.98,29.97,2.6924,50.2,18.693,250
2219-09-04T13:50:00Z,85.035,7.903,29.34,2.6115,49.8,18.219,250
2219-09-04T14:00:00Z,84.945,7.903,30.54,2.6696,50.1,18.517,250
2219-09-04T14:10:00Z,85.05,8.015,29.79,2.7225,49.8,17.862,250
2219-09-04T14:20:00Z,85.26,8.449,30.12,2.6727,50.5,18.888,250
2219-09-04T14:30:00Z,84.975,8.421,29.61,2.6353,50,19.177,250
2219-09-04T14:40:00Z,85.11,8.841,30.06,2.6476,49.9,20.577,250
2219-09-04T14:50:00Z,85.08,9.016,29.88,2.6181,50.4,18.618,250
2219-09-04T15:00:00Z,85.2,9.233,30.54,2.648,50.2,18.02,250
2219-09-04T15:10:00Z,84.825,9.086,30.15,2.6452,50.3,20.45,250
2219-09-04T15:20:00Z,84.795,8.4,30.24,2.6502,50.2,19.395,250
2219-09-04T15:30:00Z,84.795,8.337,30.54,2.7066,49.8,18.703,250
2219-09-04T15:40:00Z,85.17,8.883,29.85,2.6996,50.2,18.345,250
2219-09-04T15:50:00Z,85.29,9.401,30.69,2.6397,49.5,19.184,250
2219-09-04T16:00:00Z,85.23,9.947,30.03,2.6351,50,20.14,250
2219-09-04T16:10:00Z,85.095,10.01,30.06,2.6008,50,17.561,250
2219-09-04T16:20:00Z,84.945,10.031,30.75,2.684,50,18.549,250
2219-09-04T16:30:00Z,85.08,10.668,29.52,2.5815,50.2,18.462,250
2219-09-04T16:40:00Z,85.32,10.759,30.33,2.5959,49.9,17.367,250
2219-09-04T16:50:00Z,85.005,10.871,30.51,2.588,50.2,17.882,250
2219-09-04T17:00:00Z,84.96,11.088,30.75,2.6079,49.8,21.794,290
2219-09-04T17:10:00Z,85.125,10.724,29.97,2.6802,50.2,19.61,290
2219-09-04T17:20:00Z,85.08,11.34,29.58,2.5828,50.1,19.222,290
2219-09-04T17:30:00Z,84.945,10.941,30.06,2.5614,50,19.571,290
2219-09-04T17:40:00Z,84.795,10.766,30.96,2.6122,50.2,20.18,290
2219-09-04T17:50:00Z,85.26,11.501,29.76,2.5947,50.1,18.795,290
2219-09-04T18:00:00Z,84.96,10.626,30.36,2.6226,49.6,17.27,290
2219-09-04T18:10:00Z,84.825,10.458,29.94,2.5553,50,20.238,290
2219-09-04T18:20:00Z,85.035,10.717,29.97,2.5315,49.7,18.403,290
2219-09-04T18:30:00Z,85.08,10.521,30.36,2.5997,50,18.849,290
2219-09-04T18:40:00Z,84.87,10.185,30.48,2.5965,49.8,17.955,290
2219-09-04T18:50:00Z,84.795,9.072,30.57,2.6887,50,20.049,290
2219-09-04T19:00:00Z,84.825,9.345,30.09,2.6457,49.8,19.269,290
2219-09-04T19:10:00Z,84.66,8.449,30.09,2.6183,49.9,16.879,290
2219-09-04T19:20:00Z,84.9,8.68,29.22,2.6116,49.8,17.273,290
2219-09-04T19:30:00Z,85.05,8.701,29.1,2.645,49.9,18.799,290
2219-09-04T19:40:00Z,85.005,8.645,29.4,2.6969,50.1,20.141,290
2219-09-04T19:50:00Z,84.75,8.12,29.91,2.6992,50,19.918,290
2219-09-04T20:00:00Z,85.095,8.323,29.76,2.6439,50,17.283,290
2219-09-04T20:10:00Z,85.155,8.659,29.4,2.6158,49.7,19.167,290
2219-09-04T20:20:00Z,85.11,8.876,29.46,2.6371,50.1,18.761,290
2219-09-04T20:30:00Z,84.825,8.785,29.28,2.6933,49.7,18.552,290
2219-09-04T20:40:00Z,85.23,8.946,30.12,2.6715,50.3,17.562,290
2219-09-04T20:50:00Z,84.96,8.932,30.24,2.6666,49.8,17.733,290
2219-09-04T21:00:00Z,84.945,8.778,29.31,2.6303,49.9,18.864,310
2219-09-04T21:10:00Z,85.02,8.96,29.52,2.6375,49.9,19.164,310
2219-09-04T21:20:00Z,85.17,9.548,29.82,2.5881,50,19.59,310
2219-09-04T21:30:00Z,84.975,8.911,30.87,2.6583,50.2,20.348,310
2219-09-04T21:40:00Z,85.185,9.394,30.09,2.6784,49.7,18.218,310
2219-09-04T21:50:00Z,84.795,8.603,30.39,2.6746,50,18.804,310
2219-09-04T22:00:00Z,84.9,8.813,30.09,2.6843,49.9,18.199,310
2219-09-04T22:10:00Z,85.275,8.939,30.3,2.676,49.7,18.735,310
2219-09-04T22:20:00Z,85.005,8.624,29.52,2.7163,49.9,19.436,310
2219-09-04T22:30:00Z,85.11,8.659,30.75,2.7141,49.9,16.842,310
2219-09-04T22:40:00Z,85.155,8.757,29.97,2.654,50.6,19.398,310
2219-09-04T22:50:00Z,85.23,9.38,29.73,2.6787,49.9,20.379,310
2219-09-04T23:00:00Z,85.26,9.373,30.45,2.652,50.6,18.582,310
2219-09-04T23:10:00Z,84.915,9.247,29.28,2.6335,50.2,20.433,310
2219-09-04T23:20:00Z,85.035,9.576,30.18,2.6183,49.8,18.812,310
2219-09-04T23:30:00Z,84.81,9.142,29.52,2.6748,49.8,19.607,310
2219-09-04T23:40:00Z,84.99,9.499,30,2.6573,50,18.623,310
2219-09-04T23:50:00Z,84.75,8.638,31.41,2.6984,50.1,17.712,310
