time,QT-704,TT-701,AT-702,MT-703,AIC-702.out,WT-705,JI-706
2219-10-08T00:00:00Z,598,24.452,1245,76.9,67.523,24.251,4.5157
2219-10-08T00:10:00Z,602.39,24.284,1212,77.6,68.553,24.456,4.4865
2219-10-08T00:20:00Z,604.42,24.212,1137,76.3,73.375,24.956,4.5434
2219-10-08T00:30:00Z,603.11,24.152,1170,76,72.839,25.118,4.5571
2219-10-08T00:40:00Z,603.1,24.164,1140,75,75.723,25.327,4.5348
2219-10-08T00:50:00Z,595.82,24.072,1149,75.2,76.754,25.904,4.5626
2219-10-08T01:00:00Z,604.55,24.064,1227,74.8,72.798,25.814,4.5427
2219-10-08T01:10:00Z,596.04,24.056,1224,75.8,72.262,25.132,4.53
2219-10-08T01:20:00Z,602.61,24.052,1200,77.2,73.251,25.968,4.5768
2219-10-08T01:30:00Z,608.08,23.996,1218,77.1,72.015,25.654,4.5551
2219-10-08T01:40:00Z,602.79,24.02,1278,75.2,67.399,25.531,4.5686
2219-10-08T01:50:00Z,595.96,24.012,1200,73.8,70.614,26.154,4.5361
2219-10-08T02:00:00Z,600.24,23.992,1164,73,73.086,26.031,4.5517
2219-10-08T02:10:00Z,602.98,24,1188,72.2,72.427,26.123,4.521
2219-10-08T02:20:00Z,600.09,24.032,1134,73.6,76.465,25.753,4.5493
2219-10-08T02:30:00Z,598.26,24.004,1263,74.3,69.418,26.01,4.5616
2219-10-08T02:40:00Z,593.15,24.008,1191,73.3,72.633,25.763,4.5324
2219-10-08T02:50:00Z,593.99,24.004,1224,72.8,70.614,25.719,4.5353
2219-10-08T03:00:00Z,603.97,24.004,1158,72.6,74.487,25.821,4.5736
2219-10-08T03:10:00Z,605.74,23.952,1140,73,76.877,26.006,4.5492
2219-10-08T03:20:00Z,600.36,24.024,1269,71.2,69.666,25.832,4.5442
2219-10-08T03:30:00Z,605.53,23.976,1212,72.2,71.685,25.968,4.5307
2219-10-08T03:40:00Z,603.91,23.948,1233,72.2,69.913,26.045,4.5348
2219-10-08T03:50:00Z,594.16,24.02,1203,69.8,71.067,26.191,4.5305
2219-10-08T04:00:00Z,597.83,23.996,1152,70.4,74.487,25.655,4.5106
2219-10-08T04:10:00Z,592.35,24.008,1194,68,72.921,25.522,4.5693
2219-10-08T04:20:00Z,601.94,24.02,1173,68,74.528,25.694,4.537
2219-10-08T04:30:00Z,595.73,24.024,1230,66,71.355,25.91,4.5091
2219-10-08T04:40:00Z,597.52,24.044,1236,67.2,70.119,25.792,4.5262
2219-10-08T04:50:00Z,599.74,23.972,1230,66.6,69.542,25.853,4.5452
2219-10-08T05:00:00Z,598.56,23.996,1242,65.8,67.894,25.918,4.5485
2219-10-08T05:10:00Z,601.91,24.02,1164,64.6,72.097,25.837,4.5402
2219-10-08T05:20:00Z,590.79,23.988,1167,64.3,72.88,25.425,4.5582
2219-10-08T05:30:00Z,600.54,23.992,1197,62.6,71.726,25.672,4.5511
2219-10-08T05:40:00Z,591.67,24,1179,61.9,73.045,25.576,4.5849
2219-10-08T05:50:00Z,604.8,24.024,1239,62.3,69.501,26.024,4.5859
2219-10-08T06:00:00Z,601.85,23.996,1173,60.6,72.962,25.908,4.5527
2219-10-08T06:10:00Z,598.59,23.996,1206,58.9,71.438,25.497,4.5535
2219-10-08T06:20:00Z,594.34,23.98,1212,58.3,70.861,25.743,4.5513
2219-10-08T06:30:00Z,601.66,24,1143,58.7,75.27,25.957,4.5437
2219-10-08T06:40:00Z,601.53,24.02,1188,59.8,73.745,25.484,4.5421
2219-10-08T06:50:00Z,590.81,23.988,1215,58.4,72.221,26.139,4.5555
2219-10-08T07:00:00Z,594.65,24.016,1218,60.7,71.603,26.472,4.5485
2219-10-08T07:10:00Z,596.19,23.972,1200,60.4,72.344,26.01,4.5644
2219-10-08T07:20:00Z,597.48,24.004,1206,62.3,71.932,26.113,4.5204
2219-10-08T07:30:00Z,598.12,24.024,1236,60.7,69.707,25.99,4.5317
2219-10-08T07:40:00Z,605.82,24.024,1170,61.4,73.251,25.598,4.5567
2219-10-08T07:50:00Z,600.67,23.984,1146,62,75.723,25.404,4.5393
2219-10-08T08:00:00Z,598.29,24.024,1239,63.9,70.82,26.032,4.5278
2219-10-08T08:10:00Z,592.74,23.984,1251,64.7,68.924,25.457,4.5666
2219-10-08T08:20:00Z,601.84,23.976,1239,64.5,68.347,26.166,4.5452
2219-10-08T08:30:00Z,600.26,23.984,1140,64.9,74.075,25.433,4.5373
2219-10-08T08:40:00Z,605.16,23.976,1179,64.5,73.045,26.254,4.5441
2219-10-08T08:50:00Z,597.87,24.024,1155,62.1,75.27,25.685,4.5568
2219-10-08T09:00:00Z,596.11,24.004,1209,62.6,72.798,25.309,4.5497
2219-10-08T09:10:00Z,595.85,24.02,1260,61.5,69.048,25.679,4.5338
2219-10-08T09:20:00Z,601.79,23.984,1209,58.9,70.902,25.839,4.5451
2219-10-08T09:30:00Z,608.4,24.032,1191,59,71.891,26.053,4.5605
2219-10-08T09:40:00Z,605.79,23.988,1182,60.3,72.756,25.792,4.5429
2219-10-08T09:50:00Z,600.88,23.976,1212,60.4,71.19,25.648,4.5676
2219-10-08T10:00:00Z,599.94,24.008,1200,57.4,71.685,25.466,4.5492
2219-10-08T10:10:00Z,596.52,24.028,1242,58.8,68.8,25.704,4.515
2219-10-08T10:20:00Z,592.17,24,1215,59.6,69.501,25.941,4.5439
2219-10-08T10:30:00Z,604.91,23.992,1191,59.3,70.737,25.772,4.5393
2219-10-08T10:40:00Z,603.04,23.988,1170,58.5,72.427,25.36,4.5456
2219-10-08T10:50:00Z,598.96,24.016,1155,59.2,74.281,25.186,4.5244
2219-10-08T11:00:00Z,601.36,24,1179,59.5,73.869,25.387,4.5633
2219-10-08T11:10:00Z,603.76,23.988,1206,58.2,72.592,26.098,4.5587
2219-10-08T11:20:00Z,601.39,23.984,1194,57.7,73.251,26.02,4.5358
2219-10-08T11:30:00Z,598.19,24.016,1173,59.4,74.858,25.552,4.5572
2219-10-08T11:40:00Z,603.44,23.988,1275,60,68.594,25.729,4.5136
2219-10-08T11:50:00Z,593.75,24.008,1278,61.8,66.328,26.096,4.5715
2219-10-08T12:00:00Z,604.89,23.988,1203,62,69.336,25.715,4.5437
2219-10-08T12:10:00Z,599.82,23.976,1140,62.5,73.581,25.261,4.6052
2219-10-08T12:20:00Z,605,24.02,1185,62.3,72.138,25.636,4.5494
2219-10-08T12:30:00Z,598.57,24.008,1197,62.9,71.726,25.78,4.5516
2219-10-08T12:40:00Z,603.29,23.976,1200,62.7,71.603,25.61,4.5173
2219-10-08T12:50:00Z,603.8,24.004,1149,63.7,75.105,25.647,4.5442
2219-10-08T13:00:00Z,596.97,24.056,1260,65.3,68.883,25.62,4.5492
2219-10-08T13:10:00Z,598,24.004,1215,63.9,70.325,25.539,4.5104
2219-10-08T13:20:00Z,598.69,24.052,1197,63.7,71.149,26.003,4.5571
2219-10-08T13:30:00Z,597.59,23.984,1191,65.2,71.644,25.132,4.5474
2219-10-08T13:40:00Z,601.24,23.992,1182,67.7,72.509,25.826,4.5197
2219-10-08T13:50:00Z,599.54,23.98,1206,67.3,71.355,25.954,4.533
2219-10-08T14:00:00Z,596.52,23.996,1248,67.9,68.306,25.917,4.5813
2219-10-08T14:10:00Z,601.9,24.02,1200,69.2,70.284,25.518,4.5673
2219-10-08T14:20:00Z,594.15,23.972,1170,72.1,72.344,25.637,4.5576
2219-10-08T14:30:00Z,561.41,23.944,1224,70.8,64.202,25.774,4.2242
2219-10-08T14:40:00Z,312.82,22.656,1128,69.8,54.064,24.417,2.5056
2219-10-08T14:50:00Z,67.243,19.988,1170,70.6,36.85,18.454,0.85118
2219-10-08T15:00:00Z,8.8429,17.932,1158,70.8,27.509,13.79,0.50398
2219-10-08T15:10:00Z,-0.45067,16.948,1101,71.5,21.589,10.208,0.5314
2219-10-08T15:20:00Z,-4.7606,16.648,990,70.6,20.943,8.0928,0.50694
2219-10-08T15:30:00Z,-4.6299,16.704,1005,70,14.693,5.3553,0.5612
2219-10-08T15:40:00Z,4.8505,16.836,933,69.7,14.006,4.0271,0.5037
2219-10-08T15:50:00Z,0.75959,17.016,798,68.8,19.625,2.3265,0.52519
2219-10-08T16:00:00Z,1.9233,17.264,783,68.8,20.71,1.9185,0.55425
2219-10-08T16:10:00Z,2.9214,17.392,831,70.7,17.88,1.2864,0.55777
2219-10-08T16:20:00Z,3.6316,17.6,828,71.8,17.234,1.274,0.58979
2219-10-08T16:30:00Z,2.0426,17.656,810,71.2,17.701,0.60711,0.5569
2219-10-08T16:40:00Z,4.9438,17.772,777,73.4,19.693,0.19352,0.52283
2219-10-08T16:50:00Z,7.3782,17.852,750,73.6,22.179,0.60389,0.52942
2219-10-08T17:00:00Z,5.186,17.832,801,73.5,20.05,0.45049,0.5656
2219-10-08T17:10:00Z,-1.541,17.884,852,72.7,16.52,0.0046108,0.55811
2219-10-08T17:20:00Z,-2.2486,17.924,822,72.7,17.152,0.019438,0.51075
2219-10-08T17:30:00Z,-3.7101,17.948,753,71.2,21.287,0.084888,0.54937
2219-10-08T17:40:00Z,-5.6358,17.924,771,67.9,21.342,-0.47203,0.54273
2219-10-08T17:50:00Z,5.5151,17.972,759,69,22.962,-0.2828,0.52813
2219-10-08T18:00:00Z,1.1222,17.968,798,69.4,21.41,-0.047004,0.56247
2219-10-08T18:10:00Z,3.998,17.996,837,71.4,18.787,-0.39303,0.52739
2219-10-08T18:20:00Z,-3.0255,17.988,819,71.3,19.006,-0.58436,0.54574
2219-10-08T18:30:00Z,0.42699,18,744,70.7,23.636,-0.49578,0.51829
2219-10-08T18:40:00Z,4.5378,18.008,861,69.7,17.138,0.11409,0.52944
2219-10-08T18:50:00Z,-1.1908,18.004,801,68.7,19.583,-0.18874,0.52932
2219-10-08T19:00:00Z,3.3726,18.016,786,68.9,20.586,0.042889,0.57651
2219-10-08T19:10:00Z,0.083742,17.976,771,70.7,22.001,-0.074808,0.55758
2219-10-08T19:20:00Z,-3.0765,17.984,792,71.4,21.355,-0.3548,0.57115
2219-10-08T19:30:00Z,0.85057,18,876,70,15.806,0.84529,0.55315
2219-10-08T19:40:00Z,-0.93782,18.004,837,68.9,16.397,0.061874,0.53425
2219-10-08T19:50:00Z,-0.33316,17.992,753,69.2,21.149,-0.16775,0.50539
2219-10-08T20:00:00Z,1.3807,17.98,753,67.3,22.44,-0.1658,0.55377
2219-10-08T20:10:00Z,-1.1338,18.004,843,67.3,17.55,0.57887,0.53863
2219-10-08T20:20:00Z,0.57857,18.008,771,68.5,21.314,-0.01742,0.54114
2219-10-08T20:30:00Z,-5.0086,18.004,765,69.3,22.523,0.024818,0.51047
2219-10-08T20:40:00Z,-4.8176,18.028,747,70.5,24.721,0.047917,0.53198
2219-10-08T20:50:00Z,-1.5126,17.996,831,72.7,20.408,-0.1589,0.53156
2219-10-08T21:00:00Z,4.1257,17.984,819,71.9,20.38,-0.14252,0.54438
2219-10-08T21:10:00Z,-1.6507,18.004,810,71.2,20.476,0.095222,0.55605
2219-10-08T21:20:00Z,-8.1299,17.988,861,71.5,16.699,0.26086,0.56536
2219-10-08T21:30:00Z,3.9698,17.988,789,72.1,19.968,-0.39408,0.5596
2219-10-08T21:40:00Z,1.7694,18.004,810,74.7,18.828,-0.24994,0.527
2219-10-08T21:50:00Z,-0.35869,18.016,777,73,20.82,-0.27375,0.56846
2219-10-08T22:00:00Z,-0.79812,18.02,759,72,22.688,0.098893,0.53989
2219-10-08T22:10:00Z,3.3326,17.996,843,74,18.045,0.10218,0.53752
2219-10-08T22:20:00Z,-8.4422,18.016,783,75.8,20.984,-0.13398,0.57134
2219-10-08T22:30:00Z,-2.9157,17.988,795,77.6,20.627,0.46124,0.56561
2219-10-08T22:40:00Z,-3.1049,18,822,76,18.91,0.36524,0.54814
2219-10-08T22:50:00Z,4.7088,17.972,798,75.4,19.954,-0.014019,0.5748
2219-10-08T23:00:00Z,0.99448,18.004,783,73.5,21.039,0.46769,0.52574
2219-10-08T23:10:00Z,1.2854,17.988,780,74.7,21.712,0.11617,0.53051
2219-10-08T23:20:00Z,-5.4173,18.032,816,75.1,19.789,-0.25331,0.55327
2219-10-08T23:30:00Z,52.706,18.06,849,77,23.014,0.20564,0.93921
2219-10-08T23:40:00Z,302.06,19.46,858,77.8,37.396,1.5726,2.7208
2219-10-08T23:50:00Z,536.91,22.124,837,77,53.155,5.8561,4.3525
