msd,FT-401,FT-402,TT-403,TT-404,AT-403,WT-405,WT-406,JI-410,n
122875,19.971,1099.9,899.96,298.3,94.64,13.563,12.527,68.117,75
122876,19.978,1098.8,900.09,303.88,94.672,13.594,12.53,68.263,148
122877,19.984,1099.5,899.97,304.62,94.696,13.6,12.525,68.285,148
122878,20.02,1099.8,900.02,306.16,94.74,13.598,12.486,68.668,148
122879,19.983,1099,899.97,299.27,94.551,13.603,12.535,68.901,148
122880,20.002,1100.2,899.96,304.95,94.095,13.593,12.503,69.088,148
122881,19.994,1099.6,899.91,295.29,94.409,13.582,12.477,68.731,148
122882,19.999,1099.9,899.85,290.16,94.75,13.58,12.484,68.888,148
122883,19.987,1101.8,900.13,303.89,94.047,13.574,12.489,68.63,148
122884,19.996,1100.9,899.92,300.26,94.52,13.574,12.503,68.692,148
122885,20.006,1099.7,899.99,307.07,94.206,13.593,12.523,69.146,148
122886,20.026,1098.5,900,288.86,94.905,13.567,12.485,69.008,148
122887,19.99,1100.9,900.1,298.88,94.663,13.577,12.483,68.375,147
122888,14.694,807.72,899.91,299.22,94.662,10.289,9.4605,50.976,148
122889,13.992,770.01,899.98,300.86,94.73,9.5168,8.7274,48.77,148
122890,14,772.41,900.02,298.6,94.649,9.4868,8.7263,48.589,148
122891,14.01,769.61,899.91,301.79,94.527,9.4784,8.7303,48.844,148
122892,13.992,767.24,899.92,302.73,94.743,9.4785,8.7379,49.097,148
122893,14.015,769.61,900.08,298.75,94.932,9.451,8.7076,48.433,148
122894,14.001,770.93,899.97,303.82,94.878,9.4697,8.7113,48.743,148
122895,14.014,767.42,899.92,296.07,94.581,9.4687,8.7065,48.454,148
122896,16.248,893.8,900.04,300.97,94.905,10.681,9.8229,55.307,148
122897,19.991,1097.9,900,303.3,94.541,13.54,12.455,68.668,148
122898,19.991,1101.2,899.96,302.47,94.892,13.564,12.458,68.928,148
122899,19.981,1101,900.03,295.19,94.257,13.522,12.441,69.25,148
122900,19.995,1100.8,899.86,291.98,94.635,13.538,12.433,68.808,148
122901,20.026,1100.2,900.07,298.11,94.838,13.544,12.449,68.271,148
122902,19.992,1098.4,899.88,297.4,94.838,13.531,12.452,68.697,148
122903,16.471,903.52,900.12,300.37,94.716,11.443,10.52,57.453,148
122904,9.7854,540.24,899.87,295.66,94.932,7.3057,6.7343,34.842,148
122905,0.18446,17.574,900.8,296.27,94.703,0.12198,0.11482,2.8689,148
122906,0.17412,17.676,899.97,300.37,94.595,0.099458,0.086652,3.4665,148
122907,7.8139,430.14,900.13,294.62,95.162,4.2762,3.9144,28.293,148
122908,19.997,1099.9,899.85,296.12,95.189,13.675,12.554,68.604,148
122909,20,1100.9,900.17,308.93,94.892,13.595,12.503,69.014,148
122910,19.976,1100.6,899.82,302.84,94.054,13.595,12.549,68.327,148
122911,20.006,1101.2,899.97,302.04,94.255,13.583,12.517,68.497,147
122912,19.986,1099.9,900.19,300.42,94.581,13.6,12.505,68.294,148
122913,19.997,1099.9,899.95,303.55,94.662,13.594,12.495,68.382,148
