msd,FT-301,TT-302,TT-304,AT-302,FT-307,JI-310,AT-303,AIC-303.out,AT-306,PT-305,n
122875,2301.8,800.06,421.72,0.47967,402.1,4620.5,20.998,32.095,842.73,101.04,75
122876,2301.7,800.01,420.06,0.47922,401.06,4614.7,20.998,36.448,749.97,101.41,148
122877,2301,799.98,421.24,0.4797,400.37,4611.2,21.015,35.409,632.13,101.47,148
122878,2302,800.07,419.62,0.47821,400.54,4608.5,20.958,39.352,679.46,101.59,148
122879,2302.1,799.96,423.19,0.47855,399.44,4604.2,21.034,38.933,840.61,101.18,148
122880,2301.7,800.03,424.03,0.47652,399.54,4600.9,20.87,48.249,795.44,101.27,148
122881,2299.3,799.95,419.33,0.47686,398.84,4594.1,21.091,41.013,736.76,101.14,148
122882,2302.3,800.01,422.87,0.47622,398.32,4589.3,21.014,37.193,754.09,101.2,148
122883,2300.9,800.05,420.02,0.47514,397.79,4586.6,20.99,42.71,790.03,101.35,148
122884,1669.2,799.97,420.22,0.47493,288.95,3386.8,21.001,34.524,710.2,101.41,148
122885,1499.4,800.03,416.58,0.47385,258.53,3067.6,21.058,40.698,790.81,101.35,148
122886,2063.4,800.02,418.06,0.47419,355.91,4129.9,21.005,39.539,666.11,101.21,148
122887,2298.4,800.09,418.02,0.47272,395.71,4567.4,20.896,43.267,704.76,101.16,147
122888,2300.3,800.04,426.52,0.47277,395.44,4565.7,21.048,42.707,797.03,101.08,148
122889,2301.5,800,418.65,0.47139,395.22,4562.5,21.024,40.048,800.1,101.3,148
122890,2300.6,799.94,421.78,0.4722,394.76,4554.8,20.98,38.972,752.33,101.28,148
122891,2299,799.96,419.73,0.47132,394.33,4550.2,21.01,40.678,777.06,101.27,148
122892,2301.3,799.98,413.81,0.4701,393.98,4546.6,21.009,34.723,782.2,101.15,148
122893,2299.3,800.02,414.77,0.46953,393.63,4542.5,20.964,38.789,796.08,101.4,148
122894,2299.3,800,422.79,0.4702,393.1,4540.1,21.03,38.796,762.06,101.08,148
122895,2297.5,799.89,417.53,0.46882,392.57,4532.8,20.98,44.729,765.17,101.39,148
122896,2296.4,799.99,419.16,0.46824,391.45,4528.6,21.067,35.363,829.39,101.14,148
122897,2298.5,800.05,417.48,0.46777,391.59,4524.4,20.925,38.967,841.96,101.04,148
122898,2300.7,800.06,420.44,0.46716,391.16,4523.9,21.036,34.435,790.68,101.24,148
122899,2300.5,800.04,420.85,0.46686,390.49,4517.8,21.024,40.314,790.64,101.05,148
122900,2298.2,799.99,427.76,0.46676,390.12,4513.1,21.035,34.488,771.28,101.23,148
122901,2301.4,799.86,420.71,0.46551,386.83,4482.9,20.912,37.112,806.76,101.56,148
122902,2302.1,800,417.72,0.46517,376.89,4376,21.058,35.035,752.43,101.48,148
122903,2298.1,799.98,422.46,0.46463,376.56,4370.2,20.939,43.522,841.39,101.26,148
122904,2301.6,800.01,423.49,0.46392,376.14,4363.6,21.057,38.376,737.77,101.59,148
122905,2298.8,800,418.59,0.46446,376.27,4360,21.018,32.227,786.89,101.17,148
122906,2170.3,799.97,417.27,0.46412,353.3,4114.3,20.95,36.657,785.17,101.19,148
122907,1498.8,799.97,419.26,0.46274,240.26,2872.3,20.991,40.261,822.13,101.27,148
122908,1501.5,799.88,416.35,0.46236,240.03,2871.8,20.985,44.298,796.49,101.32,148
122909,2036.9,800.13,415.92,0.46108,330.32,3863.8,21.084,30.496,718.75,101.37,148
122910,2297.8,800.03,421.9,0.46054,373.88,4338.7,20.907,40.046,760.78,101.59,148
122911,2299,800.07,419.7,0.46075,373.37,4339.5,21.051,35.941,807.99,101.21,147
122912,2296.2,799.94,421.36,0.46003,372.98,4332.6,21.013,33.421,743.85,101.41,148
122913,2301.2,800.1,415.32,0.4601,372.64,4329.7,21.012,30.528,771.55,101.29,148
