msd,LT-501,FT-503,FT-507,PT-505,FT-509,LT-502,FT-504,FT-508,PT-506,n
122875,85.039,22.05,25.273,137.26,7.1593,84.744,12.434,5.3352,141.15,75
122876,85.05,22.689,25.527,130.18,7.161,85.103,15.609,6.4258,141.61,148
122877,84.929,21.054,24.242,135.34,7.1494,84.96,15.642,6.9479,141.01,148
122878,84.936,20.559,24.143,138.01,7.1514,84.969,14.555,5.9121,138.98,148
122879,85.039,19.77,21.917,136.05,7.1565,85.268,19.117,8.4594,138.7,148
122880,84.961,20.946,23.94,132.81,7.1515,84.901,16.428,6.7702,138.78,148
122881,85.13,22.837,26.152,136.68,7.1643,84.924,15.564,6.4423,137.94,148
122882,85.078,24.563,27.702,135.9,7.1564,84.949,15.313,6.5806,139.54,148
122883,71.194,25.182,95.848,136.92,5.9888,71.135,14.92,24.751,137.43,148
122884,24.581,17.917,62.63,135.74,2.0621,25.086,17.405,19.328,139.71,148
122885,21.166,20.18,19.265,135.07,1.7736,20.929,14.721,5.2019,139.35,148
122886,23.234,20.648,13.159,135.13,1.9479,23.229,14.457,3.1294,142.5,148
122887,35.294,22.11,0.041134,136.25,2.9615,35.576,16.263,0.0098299,141.36,147
122888,51.425,23.572,-0.029144,135.77,4.3186,51.079,18.044,-0.01185,139.99,148
122889,67.936,24.356,0.060954,133.35,5.7081,66.889,15.16,0.0090125,142.91,148
122890,83.403,25.832,13.017,134.27,7.0083,79.354,13.738,0.089936,140.84,148
122891,85.309,23.723,29.193,135.6,7.1712,85.855,16.848,7.3192,139.98,148
122892,84.889,20.301,22.598,132.46,7.1339,84.847,13.436,5.6894,139.79,148
122893,74.334,21.266,82.791,135.32,6.2449,74.556,17.542,23.719,141.34,148
122894,27.348,20.745,75.875,134.51,2.2873,27.211,14.984,20.834,135.63,148
122895,20.893,21.171,18.697,134.17,1.7409,20.864,16.242,5.4089,140.47,148
122896,28.539,19.177,0.16305,130.26,2.3869,29.791,16.785,0.060948,140.23,148
122897,42.204,21.461,0.046075,134.03,3.5332,43.716,14.764,-0.00018302,140.42,148
122898,56.456,20.112,0.031191,134.25,4.734,59.034,18.233,-0.00073048,142.86,148
122899,71.254,21.983,0.056766,135.66,5.9806,73.909,13.841,-0.0016568,138.36,148
122900,83.816,19.119,9.9221,135.56,7.0378,85.214,20.034,6.0403,142.8,148
122901,85.316,19.838,24.292,137.99,7.1626,84.914,14.07,6.0639,140.61,148
122902,84.961,18.634,20.645,130.06,7.1321,85.155,17.392,7.4622,144,148
122903,85.235,23.459,26.779,136.65,7.1515,84.841,14.239,5.9296,139.93,148
122904,84.868,21.011,23.96,131.04,7.1223,85.02,14.803,6.3564,145.32,148
122905,85.007,21.472,24.643,135.89,7.1337,85.116,16.39,6.8229,140.73,148
122906,85.042,21.596,24.241,133.1,7.1346,84.977,16.274,6.9536,140.33,148
122907,80.668,19.375,58.603,133.6,6.7637,80.727,15.304,16.612,139.44,148
122908,36.172,20.15,99.762,135.39,3.0151,36.203,16.87,28.535,137.52,148
122909,20.116,21.575,17.304,134.02,1.6626,19.961,16.197,4.5557,142.97,148
122910,22.357,22.886,18.504,129.5,1.8544,22.117,15.004,5.2836,142.04,148
122911,34.533,23.48,-0.049487,136.13,2.8748,30.559,14.378,-0.0023082,139.12,147
122912,49.125,20.224,0.026066,133.61,4.1047,45.582,17.277,0.0036583,141.01,148
122913,63.312,20.696,-0.031965,134.67,5.2982,59.882,14.985,0.0069762,141.48,148
